99.128,99.128,0,99.128,0,0,0,0,0,0,0,0,0,0,0,0,0,0,0,0,0,0,0,0,0,0,0,0,0,0,0,0,0,0,0,0,0,0,0,99.128,0,0,0,0,0,0,0,0,0,0,0,0,0,0,0,0,0,0,0,0,0,0,0,0,0,0,0,0,0,0,0,0,0,0,0,0,0,0,0,0,0,0,0,0,0,0,0,0,0,0,0,0,0,0,0,0,0,0,0,0,0,0,0,0,0,0,0,0,121.71,0,121.71,82.768,0,117
49.564,99.128,0,99.128,0,0,0,0,0,0,0,0,0,0,0,0,0,0,0,0,0,0,0,0,0,0,0,0,0,0,0,0,0,0,0,0,0,0,0,99.128,0,0,0,0,0,0,0,0,0,0,0,0,0,0,0,0,0,0,0,0,0,0,0,0,0,0,0,0,0,0,0,0,0,0,0,0,0,0,0,0,0,0,0,0,0,0,0,0,0,0,0,0,0,0,0,0,0,0,0,0,0,0,0,0,0,0,0,0,121.71,0,121.71,82.768,0,117
0,99.128,0,99.128,0,0,0,0,0,0,0,0,0,0,0,0,0,0,0,0,0,0,0,0,0,0,0,0,0,0,0,0,0,0,0,0,0,0,0,99.128,0,0,0,0,0,0,0,0,0,0,0,0,0,0,0,0,0,0,0,0,0,0,0,0,0,0,0,0,0,0,0,0,0,0,0,0,0,0,0,0,0,0,0,0,0,0,0,0,0,0,0,0,0,0,0,0,0,0,0,0,0,0,0,0,0,0,0,0,121.71,0,121.71,82.768,0,117
0,49.564,0,49.564,0,0,0,0,0,0,0,0,0,0,0,0,0,0,0,0,0,0,0,0,0,0,0,0,0,0,0,0,0,0,0,0,0,0,0,99.128,0,0,0,0,0,0,0,0,0,0,0,0,0,0,0,0,0,0,0,0,0,0,0,0,0,0,0,0,0,0,0,0,0,0,0,0,0,0,0,0,0,0,0,0,0,0,0,0,0,0,0,0,0,0,0,0,0,0,0,0,0,0,0,0,0,0,0,0,121.71,0,121.71,82.768,0,117
0,0,0,0,0,0,0,0,0,0,0,0,0,0,0,0,0,0,0,0,0,0,0,0,0,0,0,0,0,0,0,0,0,0,0,0,0,0,0,99.128,0,0,0,0,0,0,0,0,0,0,0,0,0,0,0,0,0,0,0,0,0,0,0,0,0,0,0,0,0,0,0,0,0,0,0,0,0,0,0,0,0,0,0,0,0,0,0,0,0,0,0,0,0,0,0,0,0,0,0,0,0,0,0,0,0,0,0,0,121.71,0,121.71,82.768,0,117
38.704,38.704,0,38.704,0,0,0,0,0,0,0,0,0,0,0,0,0,0,0,0,0,0,0,0,0,0,0,0,0,0,0,0,0,0,0,0,0,0,0,88.269,0,0,0,0,0,0,0,0,0,0,0,0,0,0,0,0,0,0,0,0,0,0,0,0,0,0,0,0,0,0,0,0,0,0,0,0,0,0,0,0,0,0,0,0,0,0,0,0,0,0,0,0,0,0,0,0,0,0,0,0,0,0,0,0,0,0,0,0,120.56,0,120.56,81.986,0,117
77.409,77.409,0,77.409,0,0,0,0,0,0,0,0,0,0,0,0,0,0,0,0,0,0,0,0,0,0,0,0,0,0,0,0,0,0,0,0,0,0,0,77.409,0,0,0,0,0,0,0,0,0,0,0,0,0,0,0,0,0,0,0,0,0,0,0,0,0,0,0,0,0,0,0,0,0,0,0,0,0,0,0,0,0,0,0,0,0,0,0,0,0,0,0,0,0,0,0,0,0,0,0,0,0,0,0,0,0,0,0,0,119.41,0,119.41,81.205,0,117
77.409,77.409,0,77.409,0,0,0,0,0,0,0,0,0,0,0,0,0,0,0,0,0,0,0,0,0,0,0,0,0,0,0,0,0,0,0,0,0,0,0,77.409,0,0,0,0,0,0,0,0,0,0,0,0,0,0,0,0,0,0,0,0,0,0,0,0,0,0,0,0,0,0,0,0,0,0,0,0,0,0,0,0,0,0,0,0,0,0,0,0,0,0,0,0,0,0,0,0,0,0,0,0,0,0,0,0,0,0,0,0,59.706,0,59.706,81.205,0,117
77.409,77.409,0,77.409,0,0,0,0,0,0,0,0,0,0,0,0,0,0,0,0,0,0,0,0,0,0,0,0,0,0,0,0,0,0,0,0,0,0,0,77.409,0,0,0,0,0,0,0,0,0,0,0,0,0,0,0,0,0,0,0,0,0,0,0,0,0,0,0,0,0,0,0,0,0,0,0,0,0,0,0,0,0,0,0,0,0,0,0,0,0,0,0,0,0,0,0,0,0,0,0,0,0,0,0,0,0,0,0,0,0,0,0,81.205,0,117
77.232,77.232,0,77.232,0,0,0,41.351,47.99,18.525,0,0,0,0,0,0,0,0,0,0,0,0,0,0,0,0,0,0,0,0,0,0,0,35.727,0,0,0,0,0,78.922,0,0,0,0,0,0,0,0,0,0,0,0,0,0,0,0,0,0,0,0,0,0,0,0,0,0,0,0,0,0,0,0,0,0,0,0,0,0,0,0,0,0,0,0,0,0,0,0,0,0,0,0,0,0,0,0,0,0,0,0,0,0,0,0,0,0,0,0,22.83,0,22.83,57.768,16.378,117
77.054,77.054,0,77.054,0,0,0,82.701,95.98,37.05,0,0,0,0,0,0,0,0,0,0,0,0,0,0,0,0,0,0,0,0,0,0,0,71.454,0,0,0,0,0,80.435,0,0,0,0,0,0,0,0,0,0,0,0,0,0,0,0,0,0,0,0,0,0,0,0,0,0,0,0,0,0,0,0,0,0,0,0,0,0,0,0,0,0,0,0,0,0,0,0,0,0,0,0,0,0,0,0,0,0,0,0,0,0,0,0,0,0,0,0,45.661,0,45.661,34.332,32.755,117
38.527,77.054,0,77.054,0,0,0,82.701,95.98,37.05,0,0,0,0,0,0,0,0,0,0,0,0,0,0,0,0,0,0,0,0,0,0,0,71.454,0,0,0,0,0,80.435,0,0,0,0,0,0,0,0,0,0,0,0,0,0,0,0,0,0,0,0,0,0,0,0,0,0,0,0,0,0,0,0,0,0,0,0,0,0,0,0,0,0,0,0,0,0,0,0,0,0,0,0,0,0,0,0,0,0,0,0,0,0,0,0,0,0,0,0,45.661,0,45.661,34.332,32.755,117
0,77.054,0,77.054,0,0,0,82.701,95.98,37.05,0,0,0,0,0,0,0,0,0,0,0,0,0,0,0,0,0,0,0,0,0,0,0,71.454,0,0,0,0,0,80.435,0,0,0,0,0,0,0,0,0,0,0,0,0,0,0,0,0,0,0,0,0,0,0,0,0,0,0,0,0,0,0,0,0,0,0,0,0,0,0,0,0,0,0,0,0,0,0,0,0,0,0,0,0,0,0,0,0,0,0,0,0,0,0,0,0,0,0,0,45.661,0,45.661,34.332,32.755,117
18.856,57.383,0,57.383,0,0,0,82.701,95.98,37.05,0,0,0,0,0,0,0,0,0,0,0,0,0,0,0,0,0,0,0,0,0,0,0,71.454,0,0,0,0,0,79.6,0,0,0,0,0,0,0,0,0,0,0,0,0,0,0,0,0,0,0,0,0,0,0,0,0,0,0,0,0,0,0,0,0,0,0,0,0,0,0,0,0,0,0,0,0,0,0,0,0,0,0,0,0,0,0,0,0,0,0,0,0,0,0,0,0,0,0,0,45.268,0,45.268,33.921,32.755,117
37.712,37.712,0,37.712,0,0,0,82.701,95.98,37.05,0,0,0,0,0,0,0,0,0,0,0,0,0,0,0,0,0,0,0,0,0,0,0,71.454,0,0,0,0,0,78.766,0,0,0,0,0,0,0,0,0,0,0,0,0,0,0,0,0,0,0,0,0,0,0,0,0,0,0,0,0,0,0,0,0,0,0,0,0,0,0,0,0,0,0,0,0,0,0,0,0,0,0,0,0,0,0,0,0,0,0,0,0,0,0,0,0,0,0,0,44.876,0,44.876,33.51,32.755,117
47.307,47.307,0,47.307,0,0,0,82.701,95.98,37.05,0,0,0,0,0,0,0,0,0,0,0,0,0,0,0,0,0,0,0,0,0,0,0,71.454,0,0,0,0,0,77.005,0,0,0,0,0,0,0,0,0,0,0,0,0,0,0,0,0,0,0,0,0,0,0,0,0,0,0,0,0,0,0,0,0,0,0,0,0,0,0,0,0,0,0,0,0,0,0,0,0,0,0,0,0,0,0,0,0,0,0,0,0,0,0,0,0,0,0,0,30.071,0,30.071,31.773,32.755,117
56.902,56.902,0,56.902,0,0,0,82.701,95.98,37.05,0,0,0,0,0,0,0,0,0,0,0,0,0,0,0,0,0,0,0,0,0,0,0,71.454,0,0,0,0,0,75.245,0,0,0,0,0,0,0,0,0,0,0,0,0,0,0,0,0,0,0,0,0,0,0,0,0,0,0,0,0,0,0,0,0,0,0,0,0,0,0,0,0,0,0,0,0,0,0,0,0,0,0,0,0,0,0,0,0,0,0,0,0,0,0,0,0,0,0,0,15.266,0,15.266,30.037,32.755,117
57.346,57.346,0,57.346,0,0,0,82.701,95.98,37.05,0,0,0,0,0,0,0,0,0,0,0,0,0,0,0,0,0,0,0,0,0,0,0,71.454,0,0,0,0,0,69.049,0,0,0,0,0,0,0,0,0,0,0,0,0,0,0,0,0,0,0,0,0,0,0,0,0,0,0,0,0,0,0,0,0,0,0,0,0,0,0,0,0,0,0,0,0,0,0,0,0,0,0,0,0,0,0,0,0,0,0,0,0,0,0,0,0,0,0,0,14.826,0,14.826,29.733,32.755,117
57.79,57.79,0,57.79,0,0,0,82.701,95.98,37.05,0,0,0,0,0,0,0,0,0,0,0,0,0,0,0,0,0,0,0,0,0,0,0,71.454,0,0,0,0,0,62.853,0,0,0,0,0,0,0,0,0,0,0,0,0,0,0,0,0,0,0,0,0,0,0,0,0,0,0,0,0,0,0,0,0,0,0,0,0,0,0,0,0,0,0,0,0,0,0,0,0,0,0,0,0,0,0,0,0,0,0,0,0,0,0,0,0,0,0,0,14.387,0,14.387,29.43,32.755,117
58.56,58.56,0,58.56,0,0,0,82.701,95.98,37.05,0,0,0,0,0,0,0,0,0,0,0,0,0,0,0,0,0,0,0,0,0,0,0,71.454,0,0,0,0,0,64.824,0,26.3,0,0,0,0,0,0,0,0,0,0,0,0,0,0,0,0,0,0,0,0,0,0,0,0,0,0,0,0,0,0,0,0,0,0,0,0,0,0,0,0,0,0,0,0,0,0,0,0,0,0,0,0,0,0,0,0,0,0,0,0,0,0,0,0,0,0,18.113,0,18.113,22.848,32.755,117
59.33,59.33,0,59.33,0,0,0,82.701,95.98,37.05,0,0,0,0,0,0,0,0,0,0,0,0,0,0,0,0,0,0,0,0,0,0,0,71.454,0,0,0,0,0,66.795,0,52.6,0,0,0,0,0,0,0,0,0,0,0,0,0,0,0,0,0,0,0,0,0,0,0,0,0,0,0,0,0,0,0,0,0,0,0,0,0,0,0,0,0,0,0,0,0,0,0,0,0,0,0,0,0,0,0,0,0,0,0,0,0,0,0,0,0,0,21.839,0,21.839,16.267,32.755,117
29.665,59.33,0,59.33,0,0,0,82.701,95.98,37.05,0,0,0,0,0,0,0,0,0,0,0,0,0,0,0,0,0,0,0,0,0,0,0,71.454,0,0,0,0,0,66.795,0,52.6,0,0,0,0,0,0,0,0,0,0,0,0,0,0,0,0,0,0,0,0,0,0,0,0,0,0,0,0,0,0,0,0,0,0,0,0,0,0,0,0,0,0,0,0,0,0,0,0,0,0,0,0,0,0,0,0,0,0,0,0,0,0,0,0,0,0,21.839,0,21.839,16.267,32.755,117
0,59.33,0,59.33,0,0,0,82.701,95.98,37.05,0,0,0,0,0,0,0,0,0,0,0,0,0,0,0,0,0,0,0,0,0,0,0,71.454,0,0,0,0,0,66.795,0,52.6,0,0,0,0,0,0,0,0,0,0,0,0,0,0,0,0,0,0,0,0,0,0,0,0,0,0,0,0,0,0,0,0,0,0,0,0,0,0,0,0,0,0,0,0,0,0,0,0,0,0,0,0,0,0,0,0,0,0,0,0,0,0,0,0,0,0,21.839,0,21.839,16.267,32.755,117
18.856,48.521,0,48.521,0,0,0,82.701,95.98,37.05,0,0,0,0,0,0,0,0,0,0,0,0,0,0,0,0,0,0,0,0,0,0,0,71.454,0,0,0,0,0,66.795,0,51.953,0,0,0,0,0,0,0,0,0,0,0,0,0,0,0,0,0,0,0,0,0,0,0,0,0,0,0,0,0,0,0,0,0,0,0,0,0,0,0,0,0,0,0,0,0,0,0,0,0,0,0,0,0,0,0,0,0,0,0,0,0,0,0,0,0,0,21.613,0,21.613,16.041,32.755,117
37.712,37.712,0,37.712,0,0,0,82.701,95.98,37.05,0,0,0,0,0,0,0,0,0,0,0,0,0,0,0,0,0,0,0,0,0,0,0,71.454,0,0,0,0,0,66.795,0,51.306,0,0,0,0,0,0,0,0,0,0,0,0,0,0,0,0,0,0,0,0,0,0,0,0,0,0,0,0,0,0,0,0,0,0,0,0,0,0,0,0,0,0,0,0,0,0,0,0,0,0,0,0,0,0,0,0,0,0,0,0,0,0,0,0,0,0,21.387,0,21.387,15.816,32.755,117
74.706,74.706,0,74.706,0,0,0,82.701,95.98,37.05,0,0,0,0,0,0,0,0,0,0,0,0,0,0,0,0,0,0,0,0,0,0,0,71.454,0,0,0,0,0,81.029,0,52.432,0,0,0,0,0,0,0,0,0,0,0,0,0,0,0,0,0,0,0,0,0,0,0,0,0,0,0,0,0,0,0,0,0,0,0,0,0,0,0,0,0,0,0,0,0,0,0,0,0,0,0,0,0,0,0,0,0,0,0,0,0,0,0,0,0,0,92.972,0,92.972,36.71,32.755,117
111.7,111.7,0,111.7,0,0,0,82.701,95.98,37.05,0,0,0,0,0,0,0,0,0,0,0,0,0,0,0,0,0,0,0,0,0,0,0,71.454,0,0,0,0,0,95.262,0,53.558,0,0,0,0,0,0,0,0,0,0,0,0,0,0,0,0,0,0,0,0,0,0,0,0,0,0,0,0,0,0,0,0,0,0,0,0,0,0,0,0,0,0,0,0,0,0,0,0,0,0,0,0,0,0,0,0,0,0,0,0,0,0,0,0,0,0,164.56,0,164.56,57.605,32.755,117
98.01,98.01,0,98.01,0,0,0,82.701,95.98,37.05,0,0,0,0,0,0,0,0,0,0,0,0,0,0,0,0,0,0,0,0,0,0,0,71.454,0,0,0,0,0,88.278,0,53.558,0,0,0,0,0,0,0,0,0,0,0,0,0,0,0,0,0,0,0,0,0,0,0,0,0,0,0,0,0,0,0,0,0,0,0,0,0,0,0,0,0,0,0,0,0,0,0,0,0,0,0,0,0,0,0,0,0,0,0,0,0,0,0,0,0,0,131.71,0,131.71,35.035,32.755,117
84.319,84.319,0,84.319,0,0,0,82.701,95.98,37.05,0,0,0,0,0,0,0,0,0,0,0,0,0,0,0,0,0,0,0,0,0,0,0,71.454,0,0,0,0,0,81.294,0,53.558,0,0,0,0,0,0,0,0,0,0,0,0,0,0,0,0,0,0,0,0,0,0,0,0,0,0,0,0,0,0,0,0,0,0,0,0,0,0,0,0,0,0,0,0,0,0,0,0,0,0,0,0,0,0,0,0,0,0,0,0,0,0,0,0,0,0,98.867,0,98.867,12.466,32.755,117
80.732,80.732,0,80.732,0,0,0,82.701,95.98,37.05,0,0,0,0,0,0,0,0,0,0,0,0,0,0,0,0,0,0,0,0,0,0,0,71.454,0,0,0,0,0,65.527,0,53.558,0,0,0,0,0,0,0,0,0,0,0,0,0,0,0,0,0,0,0,0,0,0,0,0,0,0,0,0,0,0,0,0,0,0,0,0,0,0,0,0,0,0,0,0,0,0,0,0,0,0,0,0,0,0,0,0,0,0,0,0,0,0,0,0,0,0,92.042,0,92.042,11.797,32.755,117
77.145,77.145,0,77.145,0,0,0,82.701,95.98,37.05,0,0,0,0,0,0,0,0,0,0,0,0,0,0,0,0,0,0,0,0,0,0,0,71.454,0,0,0,0,0,49.76,0,53.558,0,0,0,0,0,0,0,0,0,0,0,0,0,0,0,0,0,0,0,0,0,0,0,0,0,0,0,0,0,0,0,0,0,0,0,0,0,0,0,0,0,0,0,0,0,0,0,0,0,0,0,0,0,0,0,0,0,0,0,0,0,0,0,0,0,0,85.217,0,85.217,11.128,32.755,117
38.572,77.145,0,77.145,0,0,0,82.701,95.98,37.05,0,0,0,0,0,0,0,0,0,0,0,0,0,0,0,0,0,0,0,0,0,0,0,71.454,0,0,0,0,0,49.76,0,53.558,0,0,0,0,0,0,0,0,0,0,0,0,0,0,0,0,0,0,0,0,0,0,0,0,0,0,0,0,0,0,0,0,0,0,0,0,0,0,0,0,0,0,0,0,0,0,0,0,0,0,0,0,0,0,0,0,0,0,0,0,0,0,0,0,0,0,85.217,0,85.217,11.128,32.755,117
0,77.145,0,77.145,0,0,0,82.701,95.98,37.05,0,0,0,0,0,0,0,0,0,0,0,0,0,0,0,0,0,0,0,0,0,0,0,71.454,0,0,0,0,0,49.76,0,53.558,0,0,0,0,0,0,0,0,0,0,0,0,0,0,0,0,0,0,0,0,0,0,0,0,0,0,0,0,0,0,0,0,0,0,0,0,0,0,0,0,0,0,0,0,0,0,0,0,0,0,0,0,0,0,0,0,0,0,0,0,0,0,0,0,0,0,85.217,0,85.217,11.128,32.755,117
37.712,76.284,0,76.284,0,0,0,82.701,95.98,37.05,0,0,0,0,0,0,0,0,0,0,0,0,0,0,0,0,0,0,0,0,0,0,0,71.454,0,0,0,0,0,49.76,0,54.552,0,0,0,0,0,0,0,0,0,0,0,0,0,0,0,0,0,0,0,0,0,0,0,0,0,0,0,0,0,0,0,0,0,0,0,0,0,0,0,0,0,0,0,0,0,0,0,0,0,0,0,0,0,0,0,0,0,0,0,0,0,0,0,0,0,0,84.441,0,84.441,11.519,32.755,117
75.424,75.424,0,75.424,0,0,0,82.701,95.98,37.05,0,0,0,0,0,0,0,0,0,0,0,0,0,0,0,0,0,0,0,0,0,0,0,71.454,0,0,0,0,0,49.76,0,55.546,0,0,0,0,0,0,0,0,0,0,0,0,0,0,0,0,0,0,0,0,0,0,0,0,0,0,0,0,0,0,0,0,0,0,0,0,0,0,0,0,0,0,0,0,0,0,0,0,0,0,0,0,0,0,0,0,0,0,0,0,0,0,0,0,0,0,83.664,0,83.664,11.91,32.755,117
75.227,75.227,0,75.227,0,0,0,82.701,95.98,37.05,0,0,0,0,0,0,0,0,0,0,0,0,0,0,0,0,0,0,0,0,0,0,0,71.454,0,0,0,0,0,54.483,0,57.635,0,0,0,0,0,0,0,0,0,0,0,0,0,0,0,0,0,0,0,0,0,0,0,0,0,0,0,0,0,0,0,0,0,0,0,0,0,0,0,0,0,0,0,0,0,0,0,0,0,0,0,0,0,0,0,0,0,0,0,0,0,0,0,0,0,0,58.343,0,58.343,13.578,32.755,117
75.029,75.029,0,75.029,0,0,0,82.701,95.98,37.05,0,0,0,0,0,0,0,0,0,0,0,0,0,0,0,0,0,0,0,0,0,0,0,71.454,0,0,0,0,0,59.206,0,59.725,0,0,0,0,0,0,0,0,0,0,0,0,0,0,0,0,0,0,0,0,0,0,0,0,0,0,0,0,0,0,0,0,0,0,0,0,0,0,0,0,0,0,0,0,0,0,0,0,0,0,0,0,0,0,0,0,0,0,0,0,0,0,0,0,0,0,33.021,0,33.021,15.246,32.755,117
85.304,85.304,0,85.304,0,0,0,41.351,47.99,18.525,0,0,0,0,0,0,0,0,0,0,0,0,0,0,0,0,0,0,0,0,0,0,0,35.727,0,0,0,0,0,29.603,0,77.652,0,0,0,0,0,0,0,0,0,0,0,0,0,0,0,0,0,0,0,0,0,0,0,0,0,0,0,0,0,0,0,0,0,0,0,0,0,0,0,0,0,0,0,0,0,0,0,0,0,0,0,0,0,0,0,0,0,0,0,0,0,0,0,0,0,0,222.45,0,222.45,147.67,16.378,117
95.579,95.579,0,95.579,0,0,0,0,0,0,0,0,0,0,0,0,0,0,0,0,0,0,0,0,0,0,0,0,0,0,0,0,0,0,0,0,0,0,0,0,0,95.579,0,0,0,0,0,0,0,0,0,0,0,0,0,0,0,0,0,0,0,0,0,0,0,0,0,0,0,0,0,0,0,0,0,0,0,0,0,0,0,0,0,0,0,0,0,0,0,0,0,0,0,0,0,0,0,0,0,0,0,0,0,0,0,0,0,0,411.88,0,411.88,280.1,0,117
47.79,95.579,0,95.579,0,0,0,0,0,0,0,0,0,0,0,0,0,0,0,0,0,0,0,0,0,0,0,0,0,0,0,0,0,0,0,0,0,0,0,0,0,95.579,0,0,0,0,0,0,0,0,0,0,0,0,0,0,0,0,0,0,0,0,0,0,0,0,0,0,0,0,0,0,0,0,0,0,0,0,0,0,0,0,0,0,0,0,0,0,0,0,0,0,0,0,0,0,0,0,0,0,0,0,0,0,0,0,0,0,411.88,0,411.88,280.1,0,117
0,95.579,0,95.579,0,0,0,0,0,0,0,0,0,0,0,0,0,0,0,0,0,0,0,0,0,0,0,0,0,0,0,0,0,0,0,0,0,0,0,0,0,95.579,0,0,0,0,0,0,0,0,0,0,0,0,0,0,0,0,0,0,0,0,0,0,0,0,0,0,0,0,0,0,0,0,0,0,0,0,0,0,0,0,0,0,0,0,0,0,0,0,0,0,0,0,0,0,0,0,0,0,0,0,0,0,0,0,0,0,411.88,0,411.88,280.1,0,117
0,47.79,0,47.79,0,0,0,0,0,0,0,0,0,0,0,0,0,0,0,0,0,0,0,0,0,0,0,0,0,0,0,0,0,0,0,0,0,0,0,0,0,95.579,0,0,0,0,0,0,0,0,0,0,0,0,0,0,0,0,0,0,0,0,0,0,0,0,0,0,0,0,0,0,0,0,0,0,0,0,0,0,0,0,0,0,0,0,0,0,0,0,0,0,0,0,0,0,0,0,0,0,0,0,0,0,0,0,0,0,411.88,0,411.88,280.1,0,117
0,0,0,0,0,0,0,0,0,0,0,0,0,0,0,0,0,0,0,0,0,0,0,0,0,0,0,0,0,0,0,0,0,0,0,0,0,0,0,0,0,95.579,0,0,0,0,0,0,0,0,0,0,0,0,0,0,0,0,0,0,0,0,0,0,0,0,0,0,0,0,0,0,0,0,0,0,0,0,0,0,0,0,0,0,0,0,0,0,0,0,0,0,0,0,0,0,0,0,0,0,0,0,0,0,0,0,0,0,411.88,0,411.88,280.1,0,117
0,0,0,0,0,0,0,0,0,0,0,0,0,0,0,0,0,0,0,0,0,0,0,0,0,0,0,0,0,0,0,0,0,0,0,0,0,0,0,0,0,47.79,0,0,0,0,0,0,0,0,0,0,0,0,0,0,0,0,0,0,0,0,0,0,0,0,0,0,0,0,0,0,0,0,0,0,0,0,0,0,0,0,0,0,0,0,0,0,0,0,0,0,0,0,0,0,0,0,0,0,0,0,0,0,0,0,0,0,411.88,0,411.88,280.1,0,117
0,0,0,0,0,0,0,0,0,0,0,0,0,0,0,0,0,0,0,0,0,0,0,0,0,0,0,0,0,0,0,0,0,0,0,0,0,0,0,0,0,0,0,0,0,0,0,0,0,0,0,0,0,0,0,0,0,0,0,0,0,0,0,0,0,0,0,0,0,0,0,0,0,0,0,0,0,0,0,0,0,0,0,0,0,0,0,0,0,0,0,0,0,0,0,0,0,0,0,0,0,0,0,0,0,0,0,0,411.88,0,411.88,280.1,0,117
0,0,0,0,0,0,0,0,0,0,0,0,0,0,0,0,0,0,0,0,0,0,0,0,0,0,0,0,0,0,0,0,0,0,0,0,0,0,0,0,0,0,0,0,0,0,0,0,0,0,0,0,0,0,0,0,0,0,0,0,0,0,0,0,0,0,0,0,0,0,0,0,0,0,0,0,0,0,0,0,0,0,0,0,0,0,0,0,0,0,0,0,0,0,0,0,0,0,0,0,0,0,0,0,0,0,0,0,205.94,0,205.94,280.1,0,117
0,0,0,0,0,0,0,0,0,0,0,0,0,0,0,0,0,0,0,0,0,0,0,0,0,0,0,0,0,0,0,0,0,0,0,0,0,0,0,0,0,0,0,0,0,0,0,0,0,0,0,0,0,0,0,0,0,0,0,0,0,0,0,0,0,0,0,0,0,0,0,0,0,0,0,0,0,0,0,0,0,0,0,0,0,0,0,0,0,0,0,0,0,0,0,0,0,0,0,0,0,0,0,0,0,0,0,0,0,0,0,280.1,0,117
33.085,33.085,0,33.085,0,0,0,0,0,31.69,41.348,38.358,41.348,28.449,68.146,34.735,37.611,25.141,58.671,30.234,34.051,22.164,0,0,0,0,0,0,0,0,0,0,0,43.666,0,0,0,0,0,0,0,16.209,0,0,0,0,0,0,0,0,0,0,0,0,0,0,0,0,0,0,0,0,0,0,0,0,0,0,0,0,0,0,0,0,0,0,0,0,0,0,0,0,0,0,0,0,0,0,0,0,0,0,0,0,0,0,0,0,0,0,0,0,0,0,0,0,0,0,19.791,0,19.791,152.62,19.939,117
66.169,66.169,0,66.169,0,0,0,0,0,63.379,82.696,76.716,82.696,56.899,136.29,69.469,75.222,50.283,117.34,60.468,68.103,44.328,0,0,0,0,0,0,0,0,0,0,0,87.333,0,0,0,0,0,0,0,32.419,0,0,0,0,0,0,0,0,0,0,0,0,0,0,0,0,0,0,0,0,0,0,0,0,0,0,0,0,0,0,0,0,0,0,0,0,0,0,0,0,0,0,0,0,0,0,0,0,0,0,0,0,0,0,0,0,0,0,0,0,0,0,0,0,0,0,39.581,0,39.581,25.141,39.879,117
33.085,66.169,0,66.169,0,0,0,0,0,63.379,82.696,76.716,82.696,56.899,136.29,69.469,75.222,50.283,117.34,60.468,68.103,44.328,0,0,0,0,0,0,0,0,0,0,0,87.333,0,0,0,0,0,0,0,32.419,0,0,0,0,0,0,0,0,0,0,0,0,0,0,0,0,0,0,0,0,0,0,0,0,0,0,0,0,0,0,0,0,0,0,0,0,0,0,0,0,0,0,0,0,0,0,0,0,0,0,0,0,0,0,0,0,0,0,0,0,0,0,0,0,0,0,39.581,0,39.581,25.141,39.879,117
0,66.169,0,66.169,0,0,0,0,0,63.379,82.696,76.716,82.696,56.899,136.29,69.469,75.222,50.283,117.34,60.468,68.103,44.328,0,0,0,0,0,0,0,0,0,0,0,87.333,0,0,0,0,0,0,0,32.419,0,0,0,0,0,0,0,0,0,0,0,0,0,0,0,0,0,0,0,0,0,0,0,0,0,0,0,0,0,0,0,0,0,0,0,0,0,0,0,0,0,0,0,0,0,0,0,0,0,0,0,0,0,0,0,0,0,0,0,0,0,0,0,0,0,0,39.581,0,39.581,25.141,39.879,117
0,33.085,0,33.085,0,0,0,0,0,63.379,82.696,76.716,82.696,56.899,136.29,69.469,75.222,50.283,117.34,60.468,68.103,44.328,0,0,0,0,0,0,0,0,0,0,0,87.333,0,0,0,0,0,0,0,32.419,0,0,0,0,0,0,0,0,0,0,0,0,0,0,0,0,0,0,0,0,0,0,0,0,0,0,0,0,0,0,0,0,0,0,0,0,0,0,0,0,0,0,0,0,0,0,0,0,0,0,0,0,0,0,0,0,0,0,0,0,0,0,0,0,0,0,39.581,0,39.581,25.141,39.879,117
0,0,0,0,0,0,0,0,0,63.379,82.696,76.716,82.696,56.899,136.29,69.469,75.222,50.283,117.34,60.468,68.103,44.328,0,0,0,0,0,0,0,0,0,0,0,87.333,0,0,0,0,0,0,0,32.419,0,0,0,0,0,0,0,0,0,0,0,0,0,0,0,0,0,0,0,0,0,0,0,0,0,0,0,0,0,0,0,0,0,0,0,0,0,0,0,0,0,0,0,0,0,0,0,0,0,0,0,0,0,0,0,0,0,0,0,0,0,0,0,0,0,0,39.581,0,39.581,25.141,39.879,117
38.744,38.744,0,38.744,0,0,0,0,41.348,63.379,82.696,76.716,82.696,56.899,136.29,69.469,75.222,58.17,115.32,67.333,68.103,44.328,58.86,0,0,0,0,0,0,0,0,0,0,85.553,0,0,0,0,0,0,0,32.419,0,0,0,0,0,0,0,0,0,0,0,0,0,0,0,0,0,0,0,0,0,0,0,0,0,0,0,0,0,0,0,0,0,0,0,0,0,0,0,0,0,0,0,0,0,0,0,0,0,0,0,0,0,0,0,0,0,0,0,0,0,0,0,0,0,0,34.951,0,34.951,25.141,39.512,117
77.488,77.488,0,77.488,0,0,0,0,82.696,63.379,82.696,76.716,82.696,56.899,136.29,69.469,75.222,66.057,113.3,74.198,68.103,44.328,117.72,0,0,0,0,0,0,0,0,0,0,83.773,0,0,0,0,0,0,0,32.419,0,0,0,0,0,0,0,0,0,0,0,0,0,0,0,0,0,0,0,0,0,0,0,0,0,0,0,0,0,0,0,0,0,0,0,0,0,0,0,0,0,0,0,0,0,0,0,0,0,0,0,0,0,0,0,0,0,0,0,0,0,0,0,0,0,0,30.322,0,30.322,25.141,39.146,117
71.824,71.824,0,71.824,0,0,0,0,86.014,63.379,79.665,72.067,79.665,56.899,129.65,69.469,75.222,66.057,109.03,70.049,68.103,44.328,117.72,0,45.51,0,0,0,0,0,0,0,0,83.773,0,0,0,0,0,33.977,0,32.419,0,0,0,0,0,0,0,0,0,0,0,0,0,0,0,0,0,0,0,0,0,0,0,0,0,0,0,0,0,0,0,0,0,0,0,0,0,0,0,0,0,0,0,0,0,0,0,0,0,0,0,0,0,0,0,0,0,0,0,0,0,0,0,0,0,0,28.581,0,28.581,22.478,33.379,117
66.161,66.161,0,66.161,0,0,0,0,89.332,63.379,76.634,67.419,76.634,56.899,123.01,69.469,75.222,66.057,104.76,65.901,68.103,44.328,117.72,0,91.019,0,0,0,0,0,0,0,0,83.773,0,0,0,0,0,67.954,0,32.419,0,0,0,0,0,0,0,0,0,0,0,0,0,0,0,0,0,0,0,0,0,0,0,0,0,0,0,0,0,0,0,0,0,0,0,0,0,0,0,0,0,0,0,0,0,0,0,0,0,0,0,0,0,0,0,0,0,0,0,0,0,0,0,0,0,0,26.841,0,26.841,19.815,27.612,117
33.08,66.161,0,66.161,0,0,0,0,89.332,63.379,76.634,67.419,76.634,56.899,123.01,69.469,75.222,66.057,104.76,65.901,68.103,44.328,117.72,0,91.019,0,0,0,0,0,0,0,0,83.773,0,0,0,0,0,67.954,0,32.419,0,0,0,0,0,0,0,0,0,0,0,0,0,0,0,0,0,0,0,0,0,0,0,0,0,0,0,0,0,0,0,0,0,0,0,0,0,0,0,0,0,0,0,0,0,0,0,0,0,0,0,0,0,0,0,0,0,0,0,0,0,0,0,0,0,0,26.841,0,26.841,19.815,27.612,117
0,66.161,0,66.161,0,0,0,0,89.332,63.379,76.634,67.419,76.634,56.899,123.01,69.469,75.222,66.057,104.76,65.901,68.103,44.328,117.72,0,91.019,0,0,0,0,0,0,0,0,83.773,0,0,0,0,0,67.954,0,32.419,0,0,0,0,0,0,0,0,0,0,0,0,0,0,0,0,0,0,0,0,0,0,0,0,0,0,0,0,0,0,0,0,0,0,0,0,0,0,0,0,0,0,0,0,0,0,0,0,0,0,0,0,0,0,0,0,0,0,0,0,0,0,0,0,0,0,26.841,0,26.841,19.815,27.612,117
0,33.08,0,33.08,0,0,0,0,89.332,63.379,76.634,67.419,76.634,56.899,123.01,69.469,75.222,66.057,104.76,65.901,68.103,44.328,117.72,0,91.019,0,0,0,0,0,0,0,0,83.773,0,0,0,0,0,67.954,0,32.419,0,0,0,0,0,0,0,0,0,0,0,0,0,0,0,0,0,0,0,0,0,0,0,0,0,0,0,0,0,0,0,0,0,0,0,0,0,0,0,0,0,0,0,0,0,0,0,0,0,0,0,0,0,0,0,0,0,0,0,0,0,0,0,0,0,0,26.841,0,26.841,19.815,27.612,117
0,0,0,0,0,0,0,0,89.332,63.379,76.634,67.419,76.634,56.899,123.01,69.469,75.222,66.057,104.76,65.901,68.103,44.328,117.72,0,91.019,0,0,0,0,0,0,0,0,83.773,0,0,0,0,0,67.954,0,32.419,0,0,0,0,0,0,0,0,0,0,0,0,0,0,0,0,0,0,0,0,0,0,0,0,0,0,0,0,0,0,0,0,0,0,0,0,0,0,0,0,0,0,0,0,0,0,0,0,0,0,0,0,0,0,0,0,0,0,0,0,0,0,0,0,0,0,26.841,0,26.841,19.815,27.612,117
50.543,50.543,0,50.543,0,0,0,0,89.332,63.379,82.97,67.419,82.97,53.95,123.01,69.469,75.222,66.057,104.76,62.342,68.103,43.359,117.72,26.795,91.019,26.795,0,0,0,0,0,0,0,88.006,0,0,0,0,0,91.187,0,32.419,0,0,0,0,0,0,0,0,0,0,0,0,0,0,0,0,0,0,0,0,0,0,0,0,0,0,0,0,0,0,0,0,0,0,0,0,0,0,0,0,0,0,0,0,0,0,0,0,0,0,0,0,0,0,0,0,0,0,0,0,0,0,0,0,0,0,84.622,0,84.622,52.344,29.603,117
101.09,101.09,0,101.09,0,0,0,0,89.332,63.379,89.307,67.419,89.307,51.002,123.01,69.469,75.222,66.057,104.76,58.782,68.103,42.39,117.72,53.591,91.019,53.591,0,0,0,0,0,0,0,92.238,0,0,0,0,0,114.42,0,32.419,0,0,0,0,0,0,0,0,0,0,0,0,0,0,0,0,0,0,0,0,0,0,0,0,0,0,0,0,0,0,0,0,0,0,0,0,0,0,0,0,0,0,0,0,0,0,0,0,0,0,0,0,0,0,0,0,0,0,0,0,0,0,0,0,0,0,142.4,0,142.4,84.873,31.593,117
50.543,101.09,0,101.09,0,0,0,0,89.332,63.379,89.307,67.419,89.307,51.002,123.01,69.469,75.222,66.057,104.76,58.782,68.103,42.39,117.72,53.591,91.019,53.591,0,0,0,0,0,0,0,92.238,0,0,0,0,0,114.42,0,32.419,0,0,0,0,0,0,0,0,0,0,0,0,0,0,0,0,0,0,0,0,0,0,0,0,0,0,0,0,0,0,0,0,0,0,0,0,0,0,0,0,0,0,0,0,0,0,0,0,0,0,0,0,0,0,0,0,0,0,0,0,0,0,0,0,0,0,142.4,0,142.4,84.873,31.593,117
0,101.09,0,101.09,0,0,0,0,89.332,63.379,89.307,67.419,89.307,51.002,123.01,69.469,75.222,66.057,104.76,58.782,68.103,42.39,117.72,53.591,91.019,53.591,0,0,0,0,0,0,0,92.238,0,0,0,0,0,114.42,0,32.419,0,0,0,0,0,0,0,0,0,0,0,0,0,0,0,0,0,0,0,0,0,0,0,0,0,0,0,0,0,0,0,0,0,0,0,0,0,0,0,0,0,0,0,0,0,0,0,0,0,0,0,0,0,0,0,0,0,0,0,0,0,0,0,0,0,0,142.4,0,142.4,84.873,31.593,117
0,50.543,0,50.543,0,0,0,0,89.332,63.379,89.307,67.419,89.307,51.002,123.01,69.469,75.222,66.057,104.76,58.782,68.103,42.39,117.72,53.591,91.019,53.591,0,0,0,0,0,0,0,92.238,0,0,0,0,0,114.42,0,32.419,0,0,0,0,0,0,0,0,0,0,0,0,0,0,0,0,0,0,0,0,0,0,0,0,0,0,0,0,0,0,0,0,0,0,0,0,0,0,0,0,0,0,0,0,0,0,0,0,0,0,0,0,0,0,0,0,0,0,0,0,0,0,0,0,0,0,142.4,0,142.4,84.873,31.593,117
0,0,0,0,0,0,0,0,89.332,63.379,89.307,67.419,89.307,51.002,123.01,69.469,75.222,66.057,104.76,58.782,68.103,42.39,117.72,53.591,91.019,53.591,0,0,0,0,0,0,0,92.238,0,0,0,0,0,114.42,0,32.419,0,0,0,0,0,0,0,0,0,0,0,0,0,0,0,0,0,0,0,0,0,0,0,0,0,0,0,0,0,0,0,0,0,0,0,0,0,0,0,0,0,0,0,0,0,0,0,0,0,0,0,0,0,0,0,0,0,0,0,0,0,0,0,0,0,0,142.4,0,142.4,84.873,31.593,117
36.43,36.43,0,36.43,0,0,0,0,89.332,63.379,89.307,67.419,89.307,51.002,120.02,69.469,75.222,66.057,104.76,58.782,68.103,42.39,117.72,53.591,91.019,53.591,0,0,0,0,0,0,0,92.238,0,0,0,0,0,114.42,0,51.664,0,0,0,0,0,0,0,0,0,0,0,0,0,0,0,0,0,0,0,0,0,0,0,0,0,0,0,0,0,0,0,0,0,0,0,0,0,0,0,0,0,0,0,0,0,0,0,0,0,0,0,0,0,0,0,0,0,0,0,0,0,0,0,0,0,0,87.868,0,87.868,79.694,31.593,117
72.86,72.86,0,72.86,0,0,0,0,89.332,63.379,89.307,67.419,89.307,51.002,117.03,69.469,75.222,66.057,104.76,58.782,68.103,42.39,117.72,53.591,91.019,53.591,0,0,0,0,0,0,0,92.238,0,0,0,0,0,114.42,0,70.908,0,0,0,0,0,0,0,0,0,0,0,0,0,0,0,0,0,0,0,0,0,0,0,0,0,0,0,0,0,0,0,0,0,0,0,0,0,0,0,0,0,0,0,0,0,0,0,0,0,0,0,0,0,0,0,0,0,0,0,0,0,0,0,0,0,0,33.333,0,33.333,74.514,31.593,117
89.028,89.028,0,89.028,0,0,0,0,89.332,60.608,88.549,66.492,88.549,51.002,117.03,70.475,75.222,66.057,104.76,58.782,68.103,42.39,117.72,56.716,91.019,56.716,0,0,0,0,0,0,0,92.238,0,0,0,0,0,114.42,0,94.821,0,0,0,0,0,0,0,0,0,0,0,0,0,0,0,0,0,0,0,0,0,0,0,0,0,0,0,0,0,0,0,0,0,0,0,0,0,0,0,0,0,0,0,0,0,0,0,0,0,0,0,0,0,0,0,0,0,0,0,0,0,0,0,0,0,0,88.597,0,88.597,108.83,30.695,117
105.2,105.2,0,105.2,0,0,0,0,89.332,57.837,87.79,65.566,87.79,51.002,117.03,71.482,75.222,66.057,104.76,58.782,68.103,42.39,117.72,59.842,91.019,59.842,0,0,0,0,0,0,0,92.238,0,0,0,0,0,114.42,0,118.73,0,0,0,0,0,0,0,0,0,0,0,0,0,0,0,0,0,0,0,0,0,0,0,0,0,0,0,0,0,0,0,0,0,0,0,0,0,0,0,0,0,0,0,0,0,0,0,0,0,0,0,0,0,0,0,0,0,0,0,0,0,0,0,0,0,0,143.86,0,143.86,143.15,29.797,117
52.598,105.2,0,105.2,0,0,0,0,89.332,57.837,87.79,65.566,87.79,51.002,117.03,71.482,75.222,66.057,104.76,58.782,68.103,42.39,117.72,59.842,91.019,59.842,0,0,0,0,0,0,0,92.238,0,0,0,0,0,114.42,0,118.73,0,0,0,0,0,0,0,0,0,0,0,0,0,0,0,0,0,0,0,0,0,0,0,0,0,0,0,0,0,0,0,0,0,0,0,0,0,0,0,0,0,0,0,0,0,0,0,0,0,0,0,0,0,0,0,0,0,0,0,0,0,0,0,0,0,0,143.86,0,143.86,143.15,29.797,117
0,105.2,0,105.2,0,0,0,0,89.332,57.837,87.79,65.566,87.79,51.002,117.03,71.482,75.222,66.057,104.76,58.782,68.103,42.39,117.72,59.842,91.019,59.842,0,0,0,0,0,0,0,92.238,0,0,0,0,0,114.42,0,118.73,0,0,0,0,0,0,0,0,0,0,0,0,0,0,0,0,0,0,0,0,0,0,0,0,0,0,0,0,0,0,0,0,0,0,0,0,0,0,0,0,0,0,0,0,0,0,0,0,0,0,0,0,0,0,0,0,0,0,0,0,0,0,0,0,0,0,143.86,0,143.86,143.15,29.797,117
0,52.598,0,52.598,0,0,0,0,89.332,57.837,87.79,65.566,87.79,51.002,117.03,71.482,75.222,66.057,104.76,58.782,68.103,42.39,117.72,59.842,91.019,59.842,0,0,0,0,0,0,0,92.238,0,0,0,0,0,114.42,0,118.73,0,0,0,0,0,0,0,0,0,0,0,0,0,0,0,0,0,0,0,0,0,0,0,0,0,0,0,0,0,0,0,0,0,0,0,0,0,0,0,0,0,0,0,0,0,0,0,0,0,0,0,0,0,0,0,0,0,0,0,0,0,0,0,0,0,0,143.86,0,143.86,143.15,29.797,117
0,0,0,0,0,0,0,0,89.332,57.837,87.79,65.566,87.79,51.002,117.03,71.482,75.222,66.057,104.76,58.782,68.103,42.39,117.72,59.842,91.019,59.842,0,0,0,0,0,0,0,92.238,0,0,0,0,0,114.42,0,118.73,0,0,0,0,0,0,0,0,0,0,0,0,0,0,0,0,0,0,0,0,0,0,0,0,0,0,0,0,0,0,0,0,0,0,0,0,0,0,0,0,0,0,0,0,0,0,0,0,0,0,0,0,0,0,0,0,0,0,0,0,0,0,0,0,0,0,143.86,0,143.86,143.15,29.797,117
28.167,28.167,0,28.167,0,0,0,0,89.332,57.837,87.114,65.566,87.114,51.002,117.03,69.609,75.222,66.057,104.76,58.782,68.103,42.39,117.72,59.842,91.019,59.842,0,0,0,0,0,0,0,92.238,0,0,0,0,0,114.42,0,118.73,0,0,0,0,0,0,0,0,0,0,0,0,0,0,0,0,0,0,0,0,0,0,0,0,0,0,0,0,0,0,0,0,0,0,0,0,0,0,0,0,0,0,0,0,0,0,0,0,0,0,0,0,0,0,0,0,0,0,0,0,0,0,0,0,0,0,75.388,0,75.388,143.15,29.518,117
56.334,56.334,0,56.334,0,0,0,0,89.332,57.837,86.438,65.566,86.438,51.002,117.03,67.737,75.222,66.057,104.76,58.782,68.103,42.39,117.72,59.842,91.019,59.842,0,0,0,0,0,0,0,92.238,0,0,0,0,0,114.42,0,118.73,0,0,0,0,0,0,0,0,0,0,0,0,0,0,0,0,0,0,0,0,0,0,0,0,0,0,0,0,0,0,0,0,0,0,0,0,0,0,0,0,0,0,0,0,0,0,0,0,0,0,0,0,0,0,0,0,0,0,0,0,0,0,0,0,0,0,6.9138,0,6.9138,143.15,29.238,117
69.575,69.575,0,69.575,0,0,0,0,74.826,75.625,111.81,110.52,111.81,61.89,104.9,69.926,121.28,33.028,52.379,29.391,79.291,55.66,58.86,58.314,45.51,58.314,36.584,0,0,0,0,0,0,92.763,0,0,0,0,0,57.21,0,59.367,0,0,0,0,0,0,0,0,0,0,0,0,0,0,0,0,0,0,0,0,0,0,0,0,0,0,0,0,0,0,0,0,0,0,0,0,0,0,0,0,0,0,0,0,0,0,0,0,0,0,0,0,0,0,0,0,0,0,0,0,0,0,0,0,0,0,28.982,0,28.982,71.574,41.085,117
82.816,82.816,0,82.816,0,0,0,0,60.32,93.414,137.18,155.48,137.18,72.777,92.768,72.116,167.34,0,0,0,90.48,68.93,0,56.785,0,56.785,73.169,0,0,0,0,0,0,93.287,0,0,0,0,0,0,0,0,0,0,0,0,0,0,0,0,0,0,0,0,0,0,0,0,0,0,0,0,0,0,0,0,0,0,0,0,0,0,0,0,0,0,0,0,0,0,0,0,0,0,0,0,0,0,0,0,0,0,0,0,0,0,0,0,0,0,0,0,0,0,0,0,0,0,51.051,0,51.051,0,52.931,117
41.408,82.816,0,82.816,0,0,0,0,60.32,93.414,137.18,155.48,137.18,72.777,92.768,72.116,167.34,0,0,0,90.48,68.93,0,56.785,0,56.785,73.169,0,0,0,0,0,0,93.287,0,0,0,0,0,0,0,0,0,0,0,0,0,0,0,0,0,0,0,0,0,0,0,0,0,0,0,0,0,0,0,0,0,0,0,0,0,0,0,0,0,0,0,0,0,0,0,0,0,0,0,0,0,0,0,0,0,0,0,0,0,0,0,0,0,0,0,0,0,0,0,0,0,0,51.051,0,51.051,0,52.931,117
0,82.816,0,82.816,0,0,0,0,60.32,93.414,137.18,155.48,137.18,72.777,92.768,72.116,167.34,0,0,0,90.48,68.93,0,56.785,0,56.785,73.169,0,0,0,0,0,0,93.287,0,0,0,0,0,0,0,0,0,0,0,0,0,0,0,0,0,0,0,0,0,0,0,0,0,0,0,0,0,0,0,0,0,0,0,0,0,0,0,0,0,0,0,0,0,0,0,0,0,0,0,0,0,0,0,0,0,0,0,0,0,0,0,0,0,0,0,0,0,0,0,0,0,0,51.051,0,51.051,0,52.931,117
0,41.408,0,41.408,0,0,0,0,60.32,93.414,137.18,155.48,137.18,72.777,92.768,72.116,167.34,0,0,0,90.48,68.93,0,56.785,0,56.785,73.169,0,0,0,0,0,0,93.287,0,0,0,0,0,0,0,0,0,0,0,0,0,0,0,0,0,0,0,0,0,0,0,0,0,0,0,0,0,0,0,0,0,0,0,0,0,0,0,0,0,0,0,0,0,0,0,0,0,0,0,0,0,0,0,0,0,0,0,0,0,0,0,0,0,0,0,0,0,0,0,0,0,0,51.051,0,51.051,0,52.931,117
0,0,0,0,0,0,0,0,60.32,93.414,137.18,155.48,137.18,72.777,92.768,72.116,167.34,0,0,0,90.48,68.93,0,56.785,0,56.785,73.169,0,0,0,0,0,0,93.287,0,0,0,0,0,0,0,0,0,0,0,0,0,0,0,0,0,0,0,0,0,0,0,0,0,0,0,0,0,0,0,0,0,0,0,0,0,0,0,0,0,0,0,0,0,0,0,0,0,0,0,0,0,0,0,0,0,0,0,0,0,0,0,0,0,0,0,0,0,0,0,0,0,0,51.051,0,51.051,0,52.931,117
61.23,37.751,152.26,37.751,152.26,0,152.26,0,60.32,93.414,137.18,135.66,137.18,70.083,92.768,72.116,167.34,0,0,0,90.48,68.93,0,56.785,0,56.785,73.169,0,75.886,0,0,0,0,93.287,0,0,0,0,0,0,0,0,0,0,0,0,0,0,0,0,0,0,0,0,0,0,0,0,0,0,0,0,0,0,0,0,0,0,0,0,0,0,0,0,0,0,0,0,0,0,0,0,0,0,0,0,0,0,0,0,0,0,0,0,0,0,0,0,0,0,152.26,0,0,0,0,0,0,0,87.147,0,87.147,0,52.608,117
122.46,75.502,304.52,75.502,304.52,0,304.52,0,60.32,93.414,137.18,115.84,137.18,67.389,92.768,72.116,167.34,0,0,0,90.48,68.93,0,56.785,0,56.785,73.169,0,151.77,0,0,0,0,93.287,0,0,0,0,0,0,0,0,0,0,0,0,0,0,0,0,0,0,0,0,0,0,0,0,0,0,0,0,0,0,0,0,0,0,0,0,0,0,0,0,0,0,0,0,0,0,0,0,0,0,0,0,0,0,0,0,0,0,0,0,0,0,0,0,0,0,304.52,0,0,0,0,0,0,0,123.24,0,123.24,0,52.285,117
104.02,75.753,304.52,75.753,304.52,0,304.52,0,60.32,89.164,137.18,108.44,137.18,63.646,92.768,72.116,167.34,0,60.806,15.217,86.991,68.93,0,56.785,68.589,56.785,73.169,0,151.77,0,0,0,0,93.287,0,0,0,0,38.436,0,70.241,41.351,0,0,0,0,0,0,0,0,0,0,0,0,0,0,0,0,0,0,0,0,0,0,0,0,0,0,0,0,0,0,0,0,0,0,0,0,0,0,0,0,0,0,0,0,0,0,0,0,0,0,0,0,0,0,0,0,0,0,304.52,0,0,0,0,0,0,0,106.21,0,106.21,33.653,45.463,117
85.573,76.004,304.52,76.004,304.52,0,304.52,0,60.32,84.914,137.18,101.03,137.18,59.903,92.768,72.116,167.34,0,121.61,30.434,83.502,68.93,0,56.785,137.18,56.785,73.169,0,151.77,0,0,0,0,93.287,0,0,0,0,76.873,0,140.48,82.701,0,0,0,0,0,0,0,0,0,0,0,0,0,0,0,0,0,0,0,0,0,0,0,0,0,0,0,0,0,0,0,0,0,0,0,0,0,0,0,0,0,0,0,0,0,0,0,0,0,0,0,0,0,0,0,0,0,0,304.52,0,0,0,0,0,0,0,89.173,0,89.173,67.305,38.641,117
42.786,76.004,304.52,76.004,304.52,0,304.52,0,60.32,84.914,137.18,101.03,137.18,59.903,92.768,72.116,167.34,0,121.61,30.434,83.502,68.93,0,56.785,137.18,56.785,73.169,0,151.77,0,0,0,0,93.287,0,0,0,0,76.873,0,140.48,82.701,0,0,0,0,0,0,0,0,0,0,0,0,0,0,0,0,0,0,0,0,0,0,0,0,0,0,0,0,0,0,0,0,0,0,0,0,0,0,0,0,0,0,0,0,0,0,0,0,0,0,0,0,0,0,0,0,0,0,304.52,0,0,0,0,0,0,0,89.173,0,89.173,67.305,38.641,117
0,76.004,304.52,76.004,304.52,0,304.52,0,60.32,84.914,137.18,101.03,137.18,59.903,92.768,72.116,167.34,0,121.61,30.434,83.502,68.93,0,56.785,137.18,56.785,73.169,0,151.77,0,0,0,0,93.287,0,0,0,0,76.873,0,140.48,82.701,0,0,0,0,0,0,0,0,0,0,0,0,0,0,0,0,0,0,0,0,0,0,0,0,0,0,0,0,0,0,0,0,0,0,0,0,0,0,0,0,0,0,0,0,0,0,0,0,0,0,0,0,0,0,0,0,0,0,304.52,0,0,0,0,0,0,0,89.173,0,89.173,67.305,38.641,117
65.772,75.741,293.33,75.741,293.33,0,293.33,0,60.32,84.914,137.18,101.03,137.18,59.903,92.768,72.116,167.34,0,121.61,30.434,83.502,68.93,0,56.785,137.18,56.785,73.169,31.096,151.77,31.096,0,0,0,93.287,0,0,0,0,76.873,0,140.48,82.701,0,0,0,0,0,0,0,0,0,0,0,0,0,0,0,0,0,0,0,0,0,0,0,0,0,0,0,0,0,0,0,0,0,0,0,0,0,0,0,0,0,0,0,0,0,0,0,0,0,0,0,0,0,0,0,0,0,0,293.33,0,0,0,0,0,0,0,139.89,0,139.89,71.672,38.641,117
131.54,75.479,282.14,75.479,282.14,0,282.14,0,60.32,84.914,137.18,101.03,137.18,59.903,92.768,72.116,167.34,0,121.61,30.434,83.502,68.93,0,56.785,137.18,56.785,73.169,62.192,151.77,62.192,0,0,0,93.287,0,0,0,0,76.873,0,140.48,82.701,0,0,0,0,0,0,0,0,0,0,0,0,0,0,0,0,0,0,0,0,0,0,0,0,0,0,0,0,0,0,0,0,0,0,0,0,0,0,0,0,0,0,0,0,0,0,0,0,0,0,0,0,0,0,0,0,0,0,282.14,0,0,0,0,0,0,0,190.61,0,190.61,76.038,38.641,117
107.61,74.773,269.71,74.773,269.71,0,269.71,0,60.32,86.235,124.18,108.93,124.18,63.122,91.945,72.116,167.34,0,106.74,30.434,82.273,67.845,53.509,54.424,137.18,54.424,73.169,62.192,151.77,62.192,45.726,31.096,0,87.32,0,0,0,0,76.873,30.765,140.48,82.701,0,0,0,0,0,0,0,0,0,0,0,0,0,0,0,0,0,0,0,0,0,0,0,0,0,0,0,0,0,0,0,0,0,0,0,0,0,0,0,0,0,0,0,0,0,0,0,0,0,0,0,0,0,0,0,0,0,0,269.71,0,0,0,0,0,0,0,133.8,0,133.8,74.141,47.392,117
83.673,74.067,257.29,74.067,257.29,0,257.29,0,60.32,87.555,111.19,116.82,111.19,66.341,91.123,72.116,167.34,0,91.871,30.434,81.043,66.759,107.02,52.063,137.18,52.063,73.169,62.192,151.77,62.192,91.453,62.192,0,81.353,0,0,0,0,76.873,61.53,140.48,82.701,0,0,0,0,0,0,0,0,0,0,0,0,0,0,0,0,0,0,0,0,0,0,0,0,0,0,0,0,0,0,0,0,0,0,0,0,0,0,0,0,0,0,0,0,0,0,0,0,0,0,0,0,0,0,0,0,0,0,257.29,0,0,0,0,0,0,0,76.988,0,76.988,72.244,56.143,117
41.837,74.067,257.29,74.067,257.29,0,257.29,0,60.32,87.555,111.19,116.82,111.19,66.341,91.123,72.116,167.34,0,91.871,30.434,81.043,66.759,107.02,52.063,137.18,52.063,73.169,62.192,151.77,62.192,91.453,62.192,0,81.353,0,0,0,0,76.873,61.53,140.48,82.701,0,0,0,0,0,0,0,0,0,0,0,0,0,0,0,0,0,0,0,0,0,0,0,0,0,0,0,0,0,0,0,0,0,0,0,0,0,0,0,0,0,0,0,0,0,0,0,0,0,0,0,0,0,0,0,0,0,0,257.29,0,0,0,0,0,0,0,76.988,0,76.988,72.244,56.143,117
0,74.067,257.29,74.067,257.29,0,257.29,0,60.32,87.555,111.19,116.82,111.19,66.341,91.123,72.116,167.34,0,91.871,30.434,81.043,66.759,107.02,52.063,137.18,52.063,73.169,62.192,151.77,62.192,91.453,62.192,0,81.353,0,0,0,0,76.873,61.53,140.48,82.701,0,0,0,0,0,0,0,0,0,0,0,0,0,0,0,0,0,0,0,0,0,0,0,0,0,0,0,0,0,0,0,0,0,0,0,0,0,0,0,0,0,0,0,0,0,0,0,0,0,0,0,0,0,0,0,0,0,0,257.29,0,0,0,0,0,0,0,76.988,0,76.988,72.244,56.143,117
21.149,72.473,257.29,72.473,257.29,0,257.29,0,60.32,87.555,104.31,111.12,104.31,66.341,91.123,72.116,167.34,0,91.871,30.434,80.414,66.759,107.02,52.063,137.18,52.063,73.169,62.192,151.77,62.192,91.453,62.192,0,81.353,0,0,0,0,76.873,61.53,140.48,82.701,0,0,0,0,0,0,0,0,0,0,0,0,0,0,0,0,0,0,0,0,0,0,0,0,0,0,0,0,0,0,0,0,0,0,0,0,0,0,0,0,0,0,0,0,0,0,0,0,0,0,0,0,0,0,0,0,0,0,257.29,0,0,0,0,0,0,0,51.601,0,51.601,72.244,54.445,117
42.298,70.879,257.29,70.879,257.29,0,257.29,0,60.32,87.555,97.437,105.41,97.437,66.341,91.123,72.116,167.34,0,91.871,30.434,79.785,66.759,107.02,52.063,137.18,52.063,73.169,62.192,151.77,62.192,91.453,62.192,0,81.353,0,0,0,0,76.873,61.53,140.48,82.701,0,0,0,0,0,0,0,0,0,0,0,0,0,0,0,0,0,0,0,0,0,0,0,0,0,0,0,0,0,0,0,0,0,0,0,0,0,0,0,0,0,0,0,0,0,0,0,0,0,0,0,0,0,0,0,0,0,0,257.29,0,0,0,0,0,0,0,26.214,0,26.214,72.244,52.747,117
43.946,59.017,257.29,59.017,257.29,0,257.29,20.51,60.564,87.555,93.607,101.01,93.607,66.341,91.123,72.116,167.34,0,91.871,39.697,79.785,66.759,107.02,52.063,137.18,52.063,73.169,62.192,151.77,62.192,91.453,62.192,0,79.626,0,0,0,0,76.873,61.53,140.48,82.701,0,0,0,0,0,0,0,0,0,0,0,0,0,0,0,0,0,0,0,0,0,0,0,0,0,0,0,0,0,0,0,0,0,0,0,0,0,0,0,0,0,0,0,0,0,0,0,0,0,0,0,0,0,0,0,0,0,0,257.29,0,0,0,0,0,0,0,24.715,0,24.715,72.244,50.84,117
45.593,47.154,257.29,47.154,257.29,0,257.29,41.02,60.808,87.555,89.776,96.615,89.776,66.341,91.123,72.116,167.34,0,91.871,48.959,79.785,66.759,107.02,52.063,137.18,52.063,73.169,62.192,151.77,62.192,91.453,62.192,0,77.899,0,0,0,0,76.873,61.53,140.48,82.701,0,0,0,0,0,0,0,0,0,0,0,0,0,0,0,0,0,0,0,0,0,0,0,0,0,0,0,0,0,0,0,0,0,0,0,0,0,0,0,0,0,0,0,0,0,0,0,0,0,0,0,0,0,0,0,0,0,0,257.29,0,0,0,0,0,0,0,23.216,0,23.216,72.244,48.933,117
43.946,59.017,257.29,59.017,257.29,0,257.29,20.51,60.564,87.555,93.607,101.01,93.607,66.341,91.123,72.116,167.34,0,91.871,39.697,79.785,66.759,107.02,52.063,137.18,52.063,73.169,62.192,151.77,62.192,91.453,62.192,0,79.626,0,0,0,0,76.873,61.53,140.48,82.701,0,0,0,0,0,0,0,0,0,0,0,0,0,0,0,0,0,0,0,0,0,0,0,0,0,0,0,0,0,0,0,0,0,0,0,0,0,0,0,0,0,0,0,0,0,0,0,0,0,0,0,0,0,0,0,0,0,0,257.29,0,0,0,0,0,0,0,24.715,0,24.715,72.244,50.84,117
