120.37,0,120.37,0,0,0,131.12,94.542,125.67,112.91,132.17,129.65,124.47,126.87,137.46,133.43,0,0,0,0,0,0,0,0,0,0,0,0,0,0,0,118.49,0,0,0,0,0,125.68,0,0,43.087,0,0,0,0,0,0,0,0,0,0,0,0,0,0,0,0,0,0,0,0,0,0,0,0,0,0,0,0,0,0,0,0,0,0,0,0,0,0,0,0,0,0,0,0,0,0,0,0,0,0,0,0,0,0,0,0,0,0,0,0,0,0,0,0,0,0,0,34.657,0,40.721,29.43,30.836,68
60.186,0,120.37,0,0,0,131.12,94.542,125.67,112.91,132.17,129.65,124.47,126.87,137.46,133.43,0,0,0,0,0,0,0,0,0,0,0,0,0,0,0,118.49,0,0,0,0,0,125.68,0,0,43.087,0,0,0,0,0,0,0,0,0,0,0,0,0,0,0,0,0,0,0,0,0,0,0,0,0,0,0,0,0,0,0,0,0,0,0,0,0,0,0,0,0,0,0,0,0,0,0,0,0,0,0,0,0,0,0,0,0,0,0,0,0,0,0,0,0,0,0,34.657,0,40.721,29.43,30.836,68
0,0,120.37,0,0,0,131.12,94.542,125.67,112.91,132.17,129.65,124.47,126.87,137.46,133.43,0,0,0,0,0,0,0,0,0,0,0,0,0,0,0,118.49,0,0,0,0,0,125.68,0,0,43.087,0,0,0,0,0,0,0,0,0,0,0,0,0,0,0,0,0,0,0,0,0,0,0,0,0,0,0,0,0,0,0,0,0,0,0,0,0,0,0,0,0,0,0,0,0,0,0,0,0,0,0,0,0,0,0,0,0,0,0,0,0,0,0,0,0,0,0,34.657,0,40.721,29.43,30.836,68
41.291,0,101.48,0,0,0,131.12,94.542,125.67,112.91,132.17,129.65,124.47,126.87,137.46,133.43,0,0,0,0,0,0,0,0,0,0,0,0,0,0,0,118.49,0,0,0,0,0,125.68,0,0,54.476,0,0,0,0,0,0,0,0,0,0,0,0,0,0,0,0,0,0,0,0,0,0,0,0,0,0,0,0,0,0,0,0,0,0,0,0,0,0,0,0,0,0,0,0,0,0,0,0,0,0,0,0,0,0,0,0,0,0,0,0,0,0,0,0,0,0,0,34.814,0,40.645,29.43,30.836,68
82.583,0,82.583,0,0,0,131.12,94.542,125.67,112.91,132.17,129.65,124.47,126.87,137.46,133.43,0,0,0,0,0,0,0,0,0,0,0,0,0,0,0,118.49,0,0,0,0,0,125.68,0,0,65.865,0,0,0,0,0,0,0,0,0,0,0,0,0,0,0,0,0,0,0,0,0,0,0,0,0,0,0,0,0,0,0,0,0,0,0,0,0,0,0,0,0,0,0,0,0,0,0,0,0,0,0,0,0,0,0,0,0,0,0,0,0,0,0,0,0,0,0,34.971,0,40.569,29.43,30.836,68
357.32,805.5,228.33,0,765.88,0,131.12,94.542,125.67,112.91,132.17,129.65,124.47,126.87,137.46,133.43,0,0,0,0,0,0,0,0,0,0,0,0,0,0,0,118.49,0,0,0,0,0,125.43,0,262.69,84.046,0,0,0,0,0,63.433,0,0,0,0,0,0,0,0,0,0,0,0,0,0,0,0,0,0,0,0,0,0,0,0,0,0,0,0,0,0,0,0,0,334.83,1035.3,0,0,0,0,0,0,0,0,0,0,0,0,0,0,0,0,0,0,0,0,0,0,0,0,0,0,385.38,0,306.13,29.43,30.836,68
632.06,1611,374.07,0,1531.8,0,131.12,94.542,125.67,112.91,132.17,129.65,124.47,126.87,137.46,133.43,0,0,0,0,0,0,0,0,0,0,0,0,0,0,0,118.49,0,0,0,0,0,125.18,0,525.39,102.23,0,0,0,0,0,126.87,0,0,0,0,0,0,0,0,0,0,0,0,0,0,0,0,0,0,0,0,0,0,0,0,0,0,0,0,0,0,0,0,0,669.67,2070.5,0,0,0,0,0,0,0,0,0,0,0,0,0,0,0,0,0,0,0,0,0,0,0,0,0,0,735.79,0,571.7,29.43,30.836,68
583.31,1611,343.9,0,1531.8,0,131.12,94.542,125.67,112.91,132.17,129.65,124.47,126.87,137.46,133.43,0,0,0,0,0,0,0,0,0,0,0,0,0,0,0,118.49,0,0,0,0,0,123.04,0,510.76,100.92,0,0,0,0,0,125.97,0,0,0,0,0,0,0,0,0,0,0,0,0,0,0,0,0,0,0,0,0,0,0,0,0,0,0,0,0,0,0,0,0,669.67,2070.5,0,0,0,0,0,0,0,0,0,0,0,0,0,0,0,0,0,0,0,0,0,0,0,0,0,0,674.92,0,303.74,29.43,30.836,68
534.55,1611,313.73,0,1531.8,0,131.12,94.542,125.67,112.91,132.17,129.65,124.47,126.87,137.46,133.43,0,0,0,0,0,0,0,0,0,0,0,0,0,0,0,118.49,0,0,0,0,0,120.89,0,496.14,99.611,0,0,0,0,0,125.08,0,0,0,0,0,0,0,0,0,0,0,0,0,0,0,0,0,0,0,0,0,0,0,0,0,0,0,0,0,0,0,0,0,669.67,2070.5,0,0,0,0,0,0,0,0,0,0,0,0,0,0,0,0,0,0,0,0,0,0,0,0,0,0,614.04,0,35.786,29.43,30.836,68
287.02,1611,310.33,0,1531.8,0,131.12,94.542,125.67,112.91,132.17,129.65,124.47,126.87,137.46,133.43,0,0,0,0,0,0,0,0,0,0,0,0,0,0,0,118.49,0,0,0,0,0,117.81,0,496.14,99.611,0,0,0,0,0,125.08,0,0,0,0,0,0,0,0,0,0,0,0,0,0,0,0,0,0,0,0,0,0,0,0,0,0,0,0,0,0,0,0,0,669.67,2070.5,0,0,0,0,0,0,0,0,0,0,0,0,0,0,0,0,0,0,0,0,0,0,0,0,0,0,607.62,0,36.461,29.43,30.836,68
39.496,1611,306.94,0,1531.8,0,131.12,94.542,125.67,112.91,132.17,129.65,124.47,126.87,137.46,133.43,0,0,0,0,0,0,0,0,0,0,0,0,0,0,0,118.49,0,0,0,0,0,114.73,0,496.14,99.611,0,0,0,0,0,125.08,0,0,0,0,0,0,0,0,0,0,0,0,0,0,0,0,0,0,0,0,0,0,0,0,0,0,0,0,0,0,0,0,0,669.67,2070.5,0,0,0,0,0,0,0,0,0,0,0,0,0,0,0,0,0,0,0,0,0,0,0,0,0,0,601.19,0,37.136,29.43,30.836,68
66.725,1611,304.27,0,1531.8,0,131.12,94.542,125.67,112.91,132.49,129.65,124.47,126.87,137.46,133.43,0,0,0,0,0,0,0,0,0,0,0,0,0,0,0,118.49,0,0,0,0,0,114.73,0,496.14,99.611,0,0,0,0,0,125.08,0,0,0,0,0,0,0,0,0,0,0,0,0,0,0,0,0,0,0,0,0,0,0,0,0,0,0,0,0,0,0,0,0,669.67,2070.5,0,0,0,0,0,0,0,0,0,0,0,0,0,0,0,0,0,0,0,0,0,0,0,0,0,0,346.54,0,41.339,29.43,30.836,68
93.955,1611,301.59,0,1531.8,0,131.12,94.542,125.67,112.91,132.8,129.65,124.47,126.87,137.46,133.43,0,0,0,0,0,0,0,0,0,0,0,0,0,0,0,118.49,0,0,0,0,0,114.73,0,496.14,99.611,0,0,0,0,0,125.08,0,0,0,0,0,0,0,0,0,0,0,0,0,0,0,0,0,0,0,0,0,0,0,0,0,0,0,0,0,0,0,0,0,669.67,2070.5,0,0,0,0,0,0,0,0,0,0,0,0,0,0,0,0,0,0,0,0,0,0,0,0,0,0,91.89,0,45.541,29.43,30.836,68
107.4,1611,212.79,0,1531.8,0,131.12,94.542,125.67,112.91,133.12,129.65,124.47,126.87,137.46,133.43,0,0,0,0,0,0,0,0,0,0,0,0,0,0,0,118.49,0,0,0,0,0,115.94,73.518,496.14,104.26,0,0,0,0,0,116.55,0,0,0,0,0,0,0,0,0,0,0,0,0,0,0,0,0,0,0,0,0,0,0,0,0,0,0,0,0,0,0,0,0,669.67,2070.5,0,0,0,0,0,0,0,0,0,0,0,0,0,0,0,0,0,0,0,0,0,0,0,0,0,0,67.716,0,42.785,29.43,30.836,68
120.84,1611,123.98,0,1531.8,0,131.12,94.542,125.67,112.91,133.43,129.65,124.47,126.87,137.46,133.43,0,0,0,0,0,0,0,0,0,0,0,0,0,0,0,118.49,0,0,0,0,0,117.14,147.04,496.14,108.91,0,0,0,0,0,108.01,0,0,0,0,0,0,0,0,0,0,0,0,0,0,0,0,0,0,0,0,0,0,0,0,0,0,0,0,0,0,0,0,0,669.67,2070.5,0,0,0,0,0,0,0,0,0,0,0,0,0,0,0,0,0,0,0,0,0,0,0,0,0,0,43.541,0,40.029,29.43,30.836,68
117.57,1611,119.97,0,1531.8,0,131.12,94.542,125.67,112.91,133.43,129.65,124.47,126.87,137.46,133.43,0,0,0,0,0,0,0,0,0,0,0,0,0,0,0,118.49,0,0,0,0,0,117.14,147.04,496.14,109.54,0,0,0,0,0,104.02,0,0,0,0,0,0,0,0,0,0,0,0,0,0,0,0,0,0,0,0,0,0,0,0,0,0,0,0,0,0,0,0,0,669.67,2070.5,0,0,0,0,0,0,0,0,0,0,0,0,0,0,0,0,0,0,0,0,0,0,0,0,0,0,42.01,0,35.421,29.43,30.836,68
114.3,1611,115.97,0,1531.8,0,131.12,94.542,125.67,112.91,133.43,129.65,124.47,126.87,137.46,133.43,0,0,0,0,0,0,0,0,0,0,0,0,0,0,0,118.49,0,0,0,0,0,117.14,147.04,496.14,110.18,0,0,0,0,0,100.04,0,0,0,0,0,0,0,0,0,0,0,0,0,0,0,0,0,0,0,0,0,0,0,0,0,0,0,0,0,0,0,0,0,669.67,2070.5,0,0,0,0,0,0,0,0,0,0,0,0,0,0,0,0,0,0,0,0,0,0,0,0,0,0,40.479,0,30.814,29.43,30.836,68
97.841,1611,115.32,0,1531.8,0,131.12,94.542,125.67,112.91,133.43,129.65,124.47,126.87,137.46,133.43,0,0,0,0,0,0,0,0,0,0,0,0,0,0,0,118.49,0,0,0,0,0,117.14,147.04,496.14,110.18,0,0,0,0,0,99.385,0,0,0,0,0,0,0,0,0,0,0,0,0,0,0,0,0,0,0,0,0,0,0,0,0,0,0,0,0,0,0,0,0,669.67,2070.5,0,0,0,0,0,0,0,0,0,0,0,0,0,0,0,0,0,0,0,0,0,0,0,0,0,0,40.056,0,29.833,29.43,30.836,68
81.386,1611,114.68,0,1531.8,0,131.12,94.542,125.67,112.91,133.43,129.65,124.47,126.87,137.46,133.43,0,0,0,0,0,0,0,0,0,0,0,0,0,0,0,118.49,0,0,0,0,0,117.14,147.04,496.14,110.18,0,0,0,0,0,98.73,0,0,0,0,0,0,0,0,0,0,0,0,0,0,0,0,0,0,0,0,0,0,0,0,0,0,0,0,0,0,0,0,0,669.67,2070.5,0,0,0,0,0,0,0,0,0,0,0,0,0,0,0,0,0,0,0,0,0,0,0,0,0,0,39.634,0,28.852,29.43,30.836,68
81.088,1611,114.07,0,1531.8,0,131.12,94.542,125.67,112.91,133.43,129.65,124.47,126.87,137.46,133.43,0,0,0,0,0,0,0,0,0,0,0,0,0,0,0,118.49,0,0,0,0,0,117.14,147.04,496.14,110.18,0,0,0,0,0,98.126,0,0,0,0,0,0,0,0,0,0,0,0,0,0,0,0,0,0,0,0,0,0,0,0,0,0,0,0,0,0,0,0,0,669.67,2070.5,0,0,0,0,0,0,0,0,0,0,0,0,0,0,0,0,0,0,0,0,0,0,0,0,0,0,20.446,0,28.028,29.43,30.836,68
80.79,1611,113.45,0,1531.8,0,131.12,94.542,125.67,112.91,133.43,129.65,124.47,126.87,137.46,133.43,0,0,0,0,0,0,0,0,0,0,0,0,0,0,0,118.49,0,0,0,0,0,117.14,147.04,496.14,110.18,0,0,0,0,0,97.522,0,0,0,0,0,0,0,0,0,0,0,0,0,0,0,0,0,0,0,0,0,0,0,0,0,0,0,0,0,0,0,0,0,669.67,2070.5,0,0,0,0,0,0,0,0,0,0,0,0,0,0,0,0,0,0,0,0,0,0,0,0,0,0,1.2588,0,27.205,29.43,30.836,68
127.39,1494.2,112.48,0,1420.7,0,130.23,94.542,126.27,112.91,133.43,130.29,124.47,126.87,137.46,133.43,53.525,56.66,41.89,41.291,89.373,0,0,0,0,0,0,0,0,0,0,118.49,0,0,0,0,0,115.85,147.04,484.37,111.08,0,0,0,0,0,96.233,0,0,0,0,0,0,0,0,0,0,0,0,0,0,0,0,0,0,0,0,0,0,0,0,0,0,0,0,0,0,0,0,0,669.67,1805,0,0,0,0,0,0,0,0,0,0,0,0,0,0,0,0,0,0,0,0,0,0,0,0,0,0,89.853,0,24.529,32.548,149.85,68
174,1377.3,111.51,0,1309.6,0,129.33,94.542,126.88,112.91,133.43,130.92,124.47,126.87,137.46,133.43,107.05,113.32,83.779,82.583,178.75,0,0,0,0,0,0,0,0,0,0,118.49,0,0,0,0,0,114.57,147.04,472.6,111.98,0,0,0,0,0,94.944,0,0,0,0,0,0,0,0,0,0,0,0,0,0,0,0,0,0,0,0,0,0,0,0,0,0,0,0,0,0,0,0,0,669.67,1539.4,0,0,0,0,0,0,0,0,0,0,0,0,0,0,0,0,0,0,0,0,0,0,0,0,0,0,178.45,0,21.853,35.666,268.85,68
191.12,1377.3,114.58,0,1309.6,0,129.33,94.542,126.88,112.91,133.43,130.92,124.47,126.87,137.46,133.43,107.05,113.32,83.779,82.583,178.75,0,0,0,0,0,0,0,0,0,0,118.49,0,0,0,0,0,114.57,147.04,464.01,111.98,0,0,0,0,0,94.944,0,0,0,0,0,0,0,0,0,0,0,0,0,0,0,0,0,0,0,0,0,0,0,0,0,0,0,0,0,0,0,0,0,669.67,1539.4,0,0,0,0,0,0,0,0,0,0,0,0,0,0,0,0,0,0,0,0,0,0,0,0,0,0,176.95,0,24.722,35.666,268.85,68
208.25,1377.3,117.64,0,1309.6,0,129.33,94.542,126.88,112.91,133.43,130.92,124.47,126.87,137.46,133.43,107.05,113.32,83.779,82.583,178.75,0,0,0,0,0,0,0,0,0,0,118.49,0,0,0,0,0,114.57,147.04,455.42,111.98,0,0,0,0,0,94.944,0,0,0,0,0,0,0,0,0,0,0,0,0,0,0,0,0,0,0,0,0,0,0,0,0,0,0,0,0,0,0,0,0,669.67,1539.4,0,0,0,0,0,0,0,0,0,0,0,0,0,0,0,0,0,0,0,0,0,0,0,0,0,0,175.46,0,27.59,35.666,268.85,68
391.9,1377.3,173.15,0,1309.6,0,129.33,94.542,126.88,112.91,133.43,130.92,124.47,126.87,137.46,133.43,107.05,113.32,83.779,82.583,178.75,0,0,0,0,0,0,0,0,0,0,118.49,0,0,0,0,0,114.83,147.04,490.55,111.98,0,0,0,0,0,94.944,0,0,0,0,0,0,0,0,0,0,0,0,0,0,0,0,0,0,0,0,0,0,0,0,0,0,0,0,0,0,0,0,0,669.67,1539.4,0,0,0,0,0,0,0,0,0,0,0,0,0,0,0,0,0,0,0,0,0,0,0,0,0,0,403.07,0,107.25,35.666,268.85,68
575.55,1377.3,228.66,0,1309.6,0,129.33,94.542,126.88,112.91,133.43,130.92,124.47,126.87,137.46,133.43,107.05,113.32,83.779,82.583,178.75,0,0,0,0,0,0,0,0,0,0,118.49,0,0,0,0,0,115.1,147.04,525.67,111.98,0,0,0,0,0,94.944,0,0,0,0,0,0,0,0,0,0,0,0,0,0,0,0,0,0,0,0,0,0,0,0,0,0,0,0,0,0,0,0,0,669.67,1539.4,0,0,0,0,0,0,0,0,0,0,0,0,0,0,0,0,0,0,0,0,0,0,0,0,0,0,630.68,0,186.91,35.666,268.85,68
495.51,1377.3,173.44,0,1309.6,0,129.33,94.542,126.88,112.91,133.43,130.92,124.47,126.87,137.46,133.43,107.05,113.32,83.779,82.583,178.75,0,0,0,0,0,0,0,0,0,0,118.49,0,0,0,0,0,115.1,147.04,525.67,112.57,0,0,0,0,0,94.944,0,0,0,0,0,0,0,0,0,0,0,0,0,0,0,0,0,0,0,0,0,0,0,0,0,0,0,0,0,0,0,0,0,669.67,1539.4,0,0,0,0,0,0,0,0,0,0,0,0,0,0,0,0,0,0,0,0,0,0,0,0,0,0,604.13,0,219.38,35.666,268.85,68
415.47,1377.3,118.21,0,1309.6,0,129.33,94.542,126.88,112.91,133.43,130.92,124.47,126.87,137.46,133.43,107.05,113.32,83.779,82.583,178.75,0,0,0,0,0,0,0,0,0,0,118.49,0,0,0,0,0,115.1,147.04,525.67,113.17,0,0,0,0,0,94.944,0,0,0,0,0,0,0,0,0,0,0,0,0,0,0,0,0,0,0,0,0,0,0,0,0,0,0,0,0,0,0,0,0,669.67,1539.4,0,0,0,0,0,0,0,0,0,0,0,0,0,0,0,0,0,0,0,0,0,0,0,0,0,0,577.58,0,251.86,35.666,268.85,68
348.59,1251.9,124.03,0,1190.3,0,129.33,94.542,126.88,112.91,140.65,130.92,124.47,126.87,137.46,133.43,107.05,113.32,83.779,82.583,178.75,0,0,0,0,0,0,0,0,0,0,118.49,0,0,0,0,62.239,113.61,146.96,516.59,113.83,0,0,0,0,0,94.944,0,0,0,0,0,0,0,0,0,0,0,0,0,0,0,0,0,0,0,0,0,0,0,0,0,0,0,0,0,0,0,0,0,637.83,1539.4,0,0,0,0,0,0,0,0,0,0,0,0,0,0,0,0,0,0,0,0,0,0,0,0,0,0,451.67,0,224.44,35.666,268.85,68
281.71,1126.4,129.85,0,1071,0,129.33,94.542,126.88,112.91,147.87,130.92,124.47,126.87,137.46,133.43,107.05,113.32,83.779,82.583,178.75,0,0,0,0,0,0,0,0,0,0,118.49,0,0,0,0,124.48,112.12,146.87,507.51,114.48,0,0,0,0,0,94.944,0,0,0,0,0,0,0,0,0,0,0,0,0,0,0,0,0,0,0,0,0,0,0,0,0,0,0,0,0,0,0,0,0,606,1539.4,0,0,0,0,0,0,0,0,0,0,0,0,0,0,0,0,0,0,0,0,0,0,0,0,0,0,325.77,0,197.02,35.666,268.85,68
203.69,1126.4,129.75,0,1071,0,129.33,94.542,126.88,112.91,147.87,130.92,124.47,126.87,137.46,133.43,107.05,113.32,83.779,82.583,178.75,0,0,0,0,0,0,0,0,0,0,118.49,0,0,0,0,124.68,112.12,146.87,507.51,114.48,0,0,0,0,0,94.944,0,0,0,0,0,0,0,0,0,0,0,0,0,0,0,0,0,0,0,0,0,0,0,0,0,0,0,0,0,0,0,0,0,606,1539.4,0,0,0,0,0,0,0,0,0,0,0,0,0,0,0,0,0,0,0,0,0,0,0,0,0,0,322.34,0,194.4,35.666,268.85,68
125.67,1126.4,129.65,0,1071,0,129.33,94.542,126.88,112.91,147.87,130.92,124.47,126.87,137.46,133.43,107.05,113.32,83.779,82.583,178.75,0,0,0,0,0,0,0,0,0,0,118.49,0,0,0,0,124.88,112.12,146.87,507.51,114.48,0,0,0,0,0,94.944,0,0,0,0,0,0,0,0,0,0,0,0,0,0,0,0,0,0,0,0,0,0,0,0,0,0,0,0,0,0,0,0,0,606,1539.4,0,0,0,0,0,0,0,0,0,0,0,0,0,0,0,0,0,0,0,0,0,0,0,0,0,0,318.91,0,191.77,35.666,268.85,68
127.13,1126.4,129.62,0,1071,0,129.33,94.542,126.88,112.91,144.44,130.92,124.47,126.87,137.46,133.43,107.05,113.32,83.779,82.583,178.75,0,0,0,0,0,0,0,0,0,0,118.49,0,0,0,0,124.88,112.44,146.87,499.4,114.48,0,0,0,0,0,94.944,0,0,0,0,0,0,0,0,0,0,0,0,0,0,0,0,0,0,0,0,0,0,0,0,0,0,0,0,0,0,0,0,0,606,1539.4,0,0,0,0,0,0,0,0,0,0,0,0,0,0,0,0,0,0,0,0,0,0,0,0,0,0,177.27,0,183.32,35.666,268.85,68
128.6,1126.4,129.59,0,1071,0,129.33,94.542,126.88,112.91,141.01,130.92,124.47,126.87,137.46,133.43,107.05,113.32,83.779,82.583,178.75,0,0,0,0,0,0,0,0,0,0,118.49,0,0,0,0,124.88,112.77,146.87,491.28,114.48,0,0,0,0,0,94.944,0,0,0,0,0,0,0,0,0,0,0,0,0,0,0,0,0,0,0,0,0,0,0,0,0,0,0,0,0,0,0,0,0,606,1539.4,0,0,0,0,0,0,0,0,0,0,0,0,0,0,0,0,0,0,0,0,0,0,0,0,0,0,35.626,0,174.87,35.666,268.85,68
128.36,1126.4,127.63,0,1071,0,129.33,94.542,126.88,112.91,141.01,130.92,124.47,126.87,137.46,133.43,107.05,113.32,83.779,82.583,178.75,0,0,0,0,0,0,0,0,0,0,118.49,0,0,0,0,124.88,113.06,146.87,491.28,114.48,0,0,0,0,0,94.944,0,0,0,0,0,0,0,0,0,0,0,0,0,0,0,0,0,0,0,0,0,0,0,0,0,0,0,0,0,0,0,0,0,606,1539.4,0,0,0,0,0,0,0,0,0,0,0,0,0,0,0,0,0,0,0,0,0,0,0,0,0,0,36.398,0,173.13,35.666,268.85,68
128.12,1126.4,125.67,0,1071,0,129.33,94.542,126.88,112.91,141.01,130.92,124.47,126.87,137.46,133.43,107.05,113.32,83.779,82.583,178.75,0,0,0,0,0,0,0,0,0,0,118.49,0,0,0,0,124.88,113.36,146.87,491.28,114.48,0,0,0,0,0,94.944,0,0,0,0,0,0,0,0,0,0,0,0,0,0,0,0,0,0,0,0,0,0,0,0,0,0,0,0,0,0,0,0,0,606,1539.4,0,0,0,0,0,0,0,0,0,0,0,0,0,0,0,0,0,0,0,0,0,0,0,0,0,0,37.171,0,171.39,35.666,268.85,68
161.61,1057.3,117.9,0,1005.3,0,129.33,94.542,126.88,112.91,141.01,130.92,124.47,126.87,137.46,133.43,107.05,113.32,83.779,82.583,178.75,0,0,0,0,0,0,0,0,0,0,110.83,0,0,0,0,124.88,113.37,141.42,491.28,114.48,0,0,0,0,0,94.944,0,0,0,0,0,0,0,0,0,0,0,0,0,0,0,0,0,0,0,0,0,0,0,0,0,0,0,0,0,0,0,0,0,585.12,1539.4,0,0,0,0,0,0,0,0,0,0,0,0,0,0,0,0,0,0,0,0,0,0,0,0,0,0,115.09,0,195.71,35.666,268.85,68
195.1,988.11,110.14,0,939.51,0,129.33,94.542,126.88,112.91,141.01,130.92,124.47,126.87,137.46,133.43,107.05,113.32,83.779,82.583,178.75,0,0,0,0,0,0,0,0,0,0,103.18,0,0,0,0,124.88,113.37,135.97,491.28,114.48,0,0,0,0,0,94.944,0,0,0,0,0,0,0,0,0,0,0,0,0,0,0,0,0,0,0,0,0,0,0,0,0,0,0,0,0,0,0,0,0,564.24,1539.4,0,0,0,0,0,0,0,0,0,0,0,0,0,0,0,0,0,0,0,0,0,0,0,0,0,0,193,0,220.03,35.666,268.85,68
207.45,945.75,108.65,0,899.23,0,129.33,94.542,126.88,112.91,141.01,130.92,124.47,126.87,137.46,133.43,107.05,113.32,83.779,82.583,178.75,0,0,0,0,0,0,0,0,0,0,103.18,0,0,0,0,124.88,103.76,135.97,491.28,114.76,0,0,0,0,0,94.944,0,0,0,0,0,0,0,0,0,0,0,0,0,0,0,0,0,0,0,0,0,0,0,0,0,0,0,0,0,0,0,0,0,549.73,1420.8,0,0,0,0,0,0,0,0,0,0,0,0,0,0,0,0,0,0,0,0,0,0,0,0,0,0,210.71,0,232.41,35.666,268.85,68
219.8,903.39,107.16,0,858.95,0,129.33,94.542,126.88,112.91,141.01,130.92,124.47,126.87,137.46,133.43,107.05,113.32,83.779,82.583,178.75,0,0,0,0,0,0,0,0,0,0,103.18,0,0,0,0,124.88,94.147,135.97,491.28,115.03,0,0,0,0,0,94.944,0,0,0,0,0,0,0,0,0,0,0,0,0,0,0,0,0,0,0,0,0,0,0,0,0,0,0,0,0,0,0,0,0,535.22,1302.1,0,0,0,0,0,0,0,0,0,0,0,0,0,0,0,0,0,0,0,0,0,0,0,0,0,0,228.41,0,244.79,35.666,268.85,68
151.19,903.39,106.48,0,858.95,0,129.33,94.542,126.88,112.91,141.01,130.92,124.47,126.87,137.46,133.43,107.05,113.32,83.779,82.583,178.75,0,0,0,0,0,0,0,0,0,0,103.18,0,0,0,0,124.88,93.049,135.97,491.28,115.03,0,0,0,0,0,94.944,0,0,0,0,0,0,0,0,0,0,0,0,0,0,0,0,0,0,0,0,0,0,0,0,0,0,0,0,0,0,0,0,0,535.22,1302.1,0,0,0,0,0,0,0,0,0,0,0,0,0,0,0,0,0,0,0,0,0,0,0,0,0,0,226.01,0,241.53,35.666,268.85,68
82.583,903.39,105.79,0,858.95,0,129.33,94.542,126.88,112.91,141.01,130.92,124.47,126.87,137.46,133.43,107.05,113.32,83.779,82.583,178.75,0,0,0,0,0,0,0,0,0,0,103.18,0,0,0,0,124.88,91.95,135.97,491.28,115.03,0,0,0,0,0,94.944,0,0,0,0,0,0,0,0,0,0,0,0,0,0,0,0,0,0,0,0,0,0,0,0,0,0,0,0,0,0,0,0,0,535.22,1302.1,0,0,0,0,0,0,0,0,0,0,0,0,0,0,0,0,0,0,0,0,0,0,0,0,0,0,223.61,0,238.27,35.666,268.85,68
89.218,903.39,104.92,0,858.95,0,129.33,94.542,126.88,112.91,141.01,130.92,124.47,126.87,137.46,133.43,107.05,113.32,83.779,82.583,178.75,0,0,0,0,0,0,0,0,0,0,103.18,0,0,0,0,124.88,94.487,135.97,491.28,113.53,0,0,0,0,0,94.944,0,0,0,0,0,0,0,0,0,0,0,0,0,0,0,0,0,0,0,0,0,0,0,0,0,0,0,0,0,0,0,0,0,535.22,1302.1,0,0,0,0,0,0,0,0,0,0,0,0,0,0,0,0,0,0,0,0,0,0,0,0,0,0,129.59,0,225.41,35.666,268.85,68
95.853,903.39,104.06,0,858.95,0,129.33,94.542,126.88,112.91,141.01,130.92,124.47,126.87,137.46,133.43,107.05,113.32,83.779,82.583,178.75,0,0,0,0,0,0,0,0,0,0,103.18,0,0,0,0,124.88,97.024,135.97,491.28,112.02,0,0,0,0,0,94.944,0,0,0,0,0,0,0,0,0,0,0,0,0,0,0,0,0,0,0,0,0,0,0,0,0,0,0,0,0,0,0,0,0,535.22,1302.1,0,0,0,0,0,0,0,0,0,0,0,0,0,0,0,0,0,0,0,0,0,0,0,0,0,0,35.572,0,212.56,35.666,268.85,68
112.43,903.39,109.95,0,858.95,0,129.33,94.542,126.88,112.91,141.01,130.92,124.47,126.87,137.46,133.43,107.05,113.32,83.779,82.583,178.75,0,0,0,0,0,0,0,0,0,0,103.18,0,0,0,0,124.88,105.45,135.97,484.65,112.02,0,0,0,0,0,94.944,0,0,0,0,0,0,0,0,0,0,0,0,0,0,0,0,0,0,0,0,0,0,0,0,0,0,0,0,0,0,0,0,0,535.22,1302.1,0,0,0,0,0,0,0,0,0,0,0,0,0,0,0,0,0,0,0,0,0,0,0,0,0,0,45.931,0,144.14,35.666,268.85,68
129.01,903.39,115.84,0,858.95,0,129.33,94.542,126.88,112.91,141.01,130.92,124.47,126.87,137.46,133.43,107.05,113.32,83.779,82.583,178.75,0,0,0,0,0,0,0,0,0,0,103.18,0,0,0,0,124.88,113.87,135.97,478.02,112.02,0,0,0,0,0,94.944,0,0,0,0,0,0,0,0,0,0,0,0,0,0,0,0,0,0,0,0,0,0,0,0,0,0,0,0,0,0,0,0,0,535.22,1302.1,0,0,0,0,0,0,0,0,0,0,0,0,0,0,0,0,0,0,0,0,0,0,0,0,0,0,56.29,0,75.711,35.666,268.85,68
128.61,903.39,121.5,0,858.95,0,129.33,94.542,126.88,112.91,141.01,130.92,124.47,126.87,137.46,133.43,107.05,113.32,83.779,82.583,178.75,0,0,0,0,0,0,0,0,0,0,103.18,0,0,0,0,124.88,116.71,135.97,478.02,112.46,0,0,0,0,0,94.944,0,0,0,0,0,0,0,0,0,0,0,0,0,0,0,0,0,0,0,0,0,0,0,0,0,0,0,0,0,0,0,0,0,535.22,1302.1,0,0,0,0,0,0,0,0,0,0,0,0,0,0,0,0,0,0,0,0,0,0,0,0,0,0,53.924,0,65.39,35.666,268.85,68
128.21,903.39,127.17,0,858.95,0,129.33,94.542,126.88,112.91,141.01,130.92,124.47,126.87,137.46,133.43,107.05,113.32,83.779,82.583,178.75,0,0,0,0,0,0,0,0,0,0,103.18,0,0,0,0,124.88,119.55,135.97,478.02,112.9,0,0,0,0,0,94.944,0,0,0,0,0,0,0,0,0,0,0,0,0,0,0,0,0,0,0,0,0,0,0,0,0,0,0,0,0,0,0,0,0,535.22,1302.1,0,0,0,0,0,0,0,0,0,0,0,0,0,0,0,0,0,0,0,0,0,0,0,0,0,0,51.557,0,55.069,35.666,268.85,68
124.38,903.39,121.18,0,858.95,0,129.33,94.542,126.88,112.91,141.01,130.92,124.47,126.87,137.46,133.43,107.05,113.32,83.779,82.583,178.75,0,0,0,0,0,0,0,0,0,0,105.76,0,0,0,0,124.88,119.67,135.97,442.78,56.448,0,0,0,0,0,94.944,0,0,0,0,0,0,0,0,0,0,0,0,0,0,0,0,0,0,0,0,0,0,0,0,0,0,0,0,0,0,0,0,0,535.22,1302.1,0,0,0,0,0,0,0,0,0,0,0,0,0,0,0,0,0,0,0,0,0,0,0,0,0,0,50.63,0,52.713,35.666,268.85,68
120.56,903.39,115.19,0,858.95,0,129.33,94.542,126.88,112.91,141.01,130.92,124.47,126.87,137.46,133.43,107.05,113.32,83.779,82.583,178.75,0,0,0,0,0,0,0,0,0,0,108.33,0,0,0,0,124.88,119.8,135.97,407.54,0,0,0,0,0,0,94.944,0,0,0,0,0,0,0,0,0,0,0,0,0,0,0,0,0,0,0,0,0,0,0,0,0,0,0,0,0,0,0,0,0,535.22,1302.1,0,0,0,0,0,0,0,0,0,0,0,0,0,0,0,0,0,0,0,0,0,0,0,0,0,0,49.702,0,50.357,35.666,268.85,68
123.11,903.39,115.53,0,858.95,0,129.33,94.542,126.88,112.91,141.01,130.92,124.47,126.87,137.46,133.43,107.05,113.32,83.779,82.583,178.75,0,0,0,0,0,0,0,0,0,0,108.33,0,0,0,0,124.88,119.99,135.97,407.54,0,0,0,0,0,0,94.944,0,0,0,0,0,0,0,0,0,0,0,0,0,0,0,0,0,0,0,0,0,0,0,0,0,0,0,0,0,0,0,0,0,535.22,1302.1,0,0,0,0,0,0,0,0,0,0,0,0,0,0,0,0,0,0,0,0,0,0,0,0,0,0,49.18,0,49.687,35.666,268.85,68
125.67,903.39,115.87,0,858.95,0,129.33,94.542,126.88,112.91,141.01,130.92,124.47,126.87,137.46,133.43,107.05,113.32,83.779,82.583,178.75,0,0,0,0,0,0,0,0,0,0,108.33,0,0,0,0,124.88,120.18,135.97,407.54,0,0,0,0,0,0,94.944,0,0,0,0,0,0,0,0,0,0,0,0,0,0,0,0,0,0,0,0,0,0,0,0,0,0,0,0,0,0,0,0,0,535.22,1302.1,0,0,0,0,0,0,0,0,0,0,0,0,0,0,0,0,0,0,0,0,0,0,0,0,0,0,48.658,0,49.017,35.666,268.85,68
267.66,909.6,115.35,0,864.86,0,129.33,94.542,126.88,112.91,141.01,130.92,124.47,126.87,137.46,133.43,107.05,113.32,83.779,82.583,178.75,0,0,0,0,0,0,0,0,0,0,108.33,0,0,0,0,124.88,121.73,131.99,407.54,0,0,0,0,0,0,94.944,0,0,0,0,0,0,0,0,0,0,0,0,0,0,0,0,0,0,0,0,0,0,0,0,0,0,0,0,0,0,0,0,0,535.22,1264.9,0,0,0,0,0,0,0,0,0,0,0,0,0,0,0,0,0,0,0,0,0,0,0,0,0,0,233.1,0,117.7,35.666,268.85,68
409.66,915.81,114.84,0,870.76,0,129.33,94.542,126.88,112.91,141.01,130.92,124.47,126.87,137.46,133.43,107.05,113.32,83.779,82.583,178.75,0,0,0,0,0,0,0,0,0,0,108.33,0,0,0,0,124.88,123.28,128.02,407.54,0,0,0,0,0,0,94.944,0,0,0,0,0,0,0,0,0,0,0,0,0,0,0,0,0,0,0,0,0,0,0,0,0,0,0,0,0,0,0,0,0,535.22,1227.6,0,0,0,0,0,0,0,0,0,0,0,0,0,0,0,0,0,0,0,0,0,0,0,0,0,0,417.54,0,186.38,35.666,268.85,68
400.84,912.59,113.9,0,867.7,0,129.33,94.542,119.31,112.91,141.01,130.92,124.47,126.87,137.46,133.43,107.05,113.32,83.779,82.583,178.75,0,0,0,0,0,0,0,0,0,0,108.33,0,0,0,66.085,124.88,123.28,128.02,407.54,0,0,0,0,0,0,94.944,0,0,0,0,0,0,0,0,0,0,0,0,0,0,0,0,0,0,0,0,0,0,0,0,0,0,0,0,0,0,0,0,0,562.08,1227.6,0,0,0,0,0,0,0,0,0,0,0,0,0,0,0,0,0,0,0,0,0,0,0,0,0,0,470.28,0,383.44,35.666,268.85,68
392.02,909.36,112.95,0,864.63,0,129.33,94.542,111.75,112.91,141.01,130.92,124.47,126.87,137.46,133.43,107.05,113.32,83.779,82.583,178.75,0,0,0,0,0,0,0,0,0,0,108.33,0,0,0,132.17,124.88,123.28,128.02,407.54,0,0,0,0,0,0,94.944,0,0,0,0,0,0,0,0,0,0,0,0,0,0,0,0,0,0,0,0,0,0,0,0,0,0,0,0,0,0,0,0,0,588.93,1227.6,0,0,0,0,0,0,0,0,0,0,0,0,0,0,0,0,0,0,0,0,0,0,0,0,0,0,523.02,0,580.5,35.666,268.85,68
336.04,909.36,117.24,0,864.63,0,129.33,94.542,115.36,112.91,141.01,130.92,124.47,126.87,137.46,133.43,107.05,113.32,83.779,82.583,178.75,0,0,0,0,0,0,0,0,0,0,108.33,0,0,0,132.17,117.4,123.28,128.02,399.45,55.283,0,0,0,0,0,97.675,0,0,0,0,0,0,0,0,0,0,0,0,0,0,0,0,0,0,0,0,0,0,0,0,0,0,0,0,0,0,0,0,0,588.93,1227.6,0,0,0,0,0,0,0,0,0,0,0,0,0,0,0,0,0,0,0,0,0,0,0,0,0,0,434.96,0,444.56,35.666,268.85,68
280.06,909.36,121.52,0,864.63,0,129.33,94.542,118.98,112.91,141.01,130.92,124.47,126.87,137.46,133.43,107.05,113.32,83.779,82.583,178.75,0,0,0,0,0,0,0,0,0,0,108.33,0,0,0,132.17,109.93,123.28,128.02,391.36,110.57,0,0,0,0,0,100.41,0,0,0,0,0,0,0,0,0,0,0,0,0,0,0,0,0,0,0,0,0,0,0,0,0,0,0,0,0,0,0,0,0,588.93,1227.6,0,0,0,0,0,0,0,0,0,0,0,0,0,0,0,0,0,0,0,0,0,0,0,0,0,0,346.91,0,308.61,35.666,268.85,68
223.81,890.75,121.52,0,846.93,0,129.33,94.542,118.98,112.91,141.01,130.92,124.47,126.87,137.46,133.43,107.05,113.32,83.779,82.583,178.75,0,0,0,0,0,0,0,0,0,0,108.33,0,0,0,132.17,109.93,123.28,128.02,391.36,110.57,0,0,0,0,0,100.41,0,0,0,0,0,0,0,0,0,0,0,0,0,0,0,0,0,0,0,0,0,0,0,0,0,0,0,0,0,0,0,0,0,588.93,1164.1,0,0,0,0,0,0,0,0,0,0,0,0,0,0,0,0,0,0,0,0,0,0,0,0,0,0,343.5,0,304.8,35.666,268.85,68
167.56,872.13,121.52,0,829.23,0,129.33,94.542,118.98,112.91,141.01,130.92,124.47,126.87,137.46,133.43,107.05,113.32,83.779,82.583,178.75,0,0,0,0,0,0,0,0,0,0,108.33,0,0,0,132.17,109.93,123.28,128.02,391.36,110.57,0,0,0,0,0,100.41,0,0,0,0,0,0,0,0,0,0,0,0,0,0,0,0,0,0,0,0,0,0,0,0,0,0,0,0,0,0,0,0,0,588.93,1100.6,0,0,0,0,0,0,0,0,0,0,0,0,0,0,0,0,0,0,0,0,0,0,0,0,0,0,340.08,0,300.99,35.666,268.85,68
238.46,867.88,118.18,0,825.18,0,129.33,94.542,118.98,112.91,141.01,130.92,124.47,126.87,137.46,133.43,107.05,113.32,83.779,82.583,178.75,0,0,0,0,0,0,0,0,0,0,108.33,0,0,0,132.17,109.93,122.35,128.02,391.36,106.05,0,0,0,0,0,100.41,0,0,0,0,0,0,0,0,0,0,0,0,0,0,0,0,0,0,0,0,0,0,0,0,0,0,0,0,0,0,0,0,0,588.93,1073.5,0,0,0,0,0,0,0,0,0,0,0,0,0,0,0,0,0,0,0,0,0,0,0,0,0,0,389.26,0,314.76,35.666,268.85,68
309.36,863.62,114.83,0,821.14,0,129.33,94.542,118.98,112.91,141.01,130.92,124.47,126.87,137.46,133.43,107.05,113.32,83.779,82.583,178.75,0,0,0,0,0,0,0,0,0,0,108.33,0,0,0,132.17,109.93,121.42,128.02,391.36,101.53,0,0,0,0,0,100.41,0,0,0,0,0,0,0,0,0,0,0,0,0,0,0,0,0,0,0,0,0,0,0,0,0,0,0,0,0,0,0,0,0,588.93,1046.5,0,0,0,0,0,0,0,0,0,0,0,0,0,0,0,0,0,0,0,0,0,0,0,0,0,0,438.43,0,328.52,35.666,268.85,68
328.47,832.96,161.39,0,791.98,0,129.33,94.542,118.98,112.91,141.01,130.92,124.47,126.87,137.46,133.43,107.05,113.32,83.779,82.583,178.75,0,0,0,0,0,0,0,0,0,0,108.33,0,0,0,132.17,109.93,164.92,128.02,389.15,103.53,0,0,0,0,0,100.41,0,0,0,0,0,0,0,0,0,0,0,0,0,0,0,0,0,0,0,0,0,0,0,0,0,0,0,0,0,0,0,0,0,578.4,1011.9,0,0,0,0,0,0,0,0,0,0,0,0,0,0,0,0,0,0,0,0,0,0,0,0,0,0,421.93,0,348.66,35.666,268.85,68
347.57,802.3,207.94,0,762.83,0,129.33,94.542,118.98,112.91,141.01,130.92,124.47,126.87,137.46,133.43,107.05,113.32,83.779,82.583,178.75,0,0,0,0,0,0,0,0,0,0,108.33,0,0,0,132.17,109.93,208.42,128.02,386.94,105.52,0,0,0,0,0,100.41,0,0,0,0,0,0,0,0,0,0,0,0,0,0,0,0,0,0,0,0,0,0,0,0,0,0,0,0,0,0,0,0,0,567.86,977.38,0,0,0,0,0,0,0,0,0,0,0,0,0,0,0,0,0,0,0,0,0,0,0,0,0,0,405.42,0,368.79,35.666,268.85,68
347.57,802.3,103.97,0,762.83,0,129.33,94.542,118.98,112.91,141.01,130.92,124.47,126.87,137.46,133.43,107.05,113.32,83.779,82.583,178.75,0,0,0,0,0,0,0,0,0,0,108.33,0,0,0,132.17,109.93,208.42,128.02,386.94,105.52,0,0,0,0,0,100.41,0,0,0,0,0,0,0,0,0,0,0,0,0,0,0,0,0,0,0,0,0,0,0,0,0,0,0,0,0,0,0,0,0,567.86,977.38,0,0,0,0,0,0,0,0,0,0,0,0,0,0,0,0,0,0,0,0,0,0,0,0,0,0,405.42,0,368.79,35.666,268.85,68
347.57,802.3,0,0,762.83,0,129.33,94.542,118.98,112.91,141.01,130.92,124.47,126.87,137.46,133.43,107.05,113.32,83.779,82.583,178.75,0,0,0,0,0,0,0,0,0,0,108.33,0,0,0,132.17,109.93,208.42,128.02,386.94,105.52,0,0,0,0,0,100.41,0,0,0,0,0,0,0,0,0,0,0,0,0,0,0,0,0,0,0,0,0,0,0,0,0,0,0,0,0,0,0,0,0,567.86,977.38,0,0,0,0,0,0,0,0,0,0,0,0,0,0,0,0,0,0,0,0,0,0,0,0,0,0,405.42,0,368.79,35.666,268.85,68
322.21,802.3,57.844,0,762.83,0,129.02,94.542,119.32,112.91,141.01,130.92,124.47,126.87,137.46,133.43,107.05,104.94,84.08,82.583,168.23,0,0,0,0,0,0,0,0,0,0,108.33,0,0,0,132.17,109.93,208.42,128.02,264.13,105.52,0,0,0,0,0,100.41,0,0,0,0,0,0,0,0,0,0,0,0,0,0,0,0,0,0,0,0,0,0,0,0,0,0,0,0,0,0,0,0,0,567.86,977.38,0,0,0,0,0,0,0,0,0,0,0,0,0,0,0,0,0,0,0,0,0,0,0,0,0,0,372.05,0,354.81,35.245,263.44,68
296.84,802.3,115.69,0,762.83,0,128.72,94.542,119.65,112.91,141.01,130.92,124.47,126.87,137.46,133.43,107.05,96.559,84.38,82.583,157.72,0,0,0,0,0,0,0,0,0,0,108.33,0,0,0,132.17,109.93,208.42,128.02,141.32,105.52,0,0,0,0,0,100.41,0,0,0,0,0,0,0,0,0,0,0,0,0,0,0,0,0,0,0,0,0,0,0,0,0,0,0,0,0,0,0,0,0,567.86,977.38,0,0,0,0,0,0,0,0,0,0,0,0,0,0,0,0,0,0,0,0,0,0,0,0,0,0,338.68,0,340.83,34.825,258.02,68
293.96,802.3,113.94,0,762.83,0,128.72,94.542,119.65,112.91,141.01,130.92,124.47,126.87,137.46,133.43,107.05,96.559,84.38,82.883,157.72,0,0,0,0,0,0,0,0,0,0,108.33,0,0,0,132.17,109.93,208.42,128.02,141.32,105.52,0,0,0,0,0,100.41,0,0,0,0,0,0,0,0,0,0,0,0,0,0,0,0,0,0,0,0,0,0,0,0,0,0,0,0,0,0,0,0,0,567.86,977.38,0,0,0,0,0,0,0,0,0,0,0,0,0,0,0,0,0,0,0,0,0,0,0,0,0,0,335.03,0,340.83,40.071,258.02,68
291.09,802.3,112.2,0,762.83,0,128.72,94.542,119.65,112.91,141.01,130.92,124.47,126.87,137.46,133.43,107.05,96.559,84.38,83.183,157.72,0,0,0,0,0,0,0,0,0,0,108.33,0,0,0,132.17,109.93,208.42,128.02,141.32,105.52,0,0,0,0,0,100.41,0,0,0,0,0,0,0,0,0,0,0,0,0,0,0,0,0,0,0,0,0,0,0,0,0,0,0,0,0,0,0,0,0,567.86,977.38,0,0,0,0,0,0,0,0,0,0,0,0,0,0,0,0,0,0,0,0,0,0,0,0,0,0,331.37,0,340.83,45.316,258.02,68
208.98,802.3,113.06,0,762.83,0,128.72,94.542,119.65,112.91,141.01,130.92,124.47,126.87,137.46,133.43,107.05,101.77,84.38,83.183,157.72,0,0,0,0,0,0,0,0,0,0,108.33,0,0,0,132.17,109.93,208.42,128.02,141.32,105.52,0,0,0,0,0,100.41,0,0,0,0,0,0,0,0,0,0,0,0,0,0,0,0,0,0,0,0,0,0,0,0,0,0,0,0,0,0,0,0,0,567.86,977.38,0,0,0,0,0,0,0,0,0,0,0,0,0,0,0,0,0,0,0,0,0,0,0,0,0,0,327.95,0,340.83,45.316,258.02,68
126.87,802.3,113.92,0,762.83,0,128.72,94.542,119.65,112.91,141.01,130.92,124.47,126.87,137.46,133.43,107.05,106.98,84.38,83.183,157.72,0,0,0,0,0,0,0,0,0,0,108.33,0,0,0,132.17,109.93,208.42,128.02,141.32,105.52,0,0,0,0,0,100.41,0,0,0,0,0,0,0,0,0,0,0,0,0,0,0,0,0,0,0,0,0,0,0,0,0,0,0,0,0,0,0,0,0,567.86,977.38,0,0,0,0,0,0,0,0,0,0,0,0,0,0,0,0,0,0,0,0,0,0,0,0,0,0,324.53,0,340.83,45.316,258.02,68
117.45,802.3,111.68,0,762.83,0,128.65,94.542,116.6,113.93,141.01,130.92,112.87,126.87,137.46,133.43,107.05,106.98,84.083,77.305,148.23,44.686,83.167,67.344,0,0,0,0,0,0,0,107.6,0,0,0,132.17,109.93,208.42,128.02,141.32,105.52,0,0,0,0,0,100.41,0,0,0,0,0,0,0,0,0,0,0,0,0,0,0,0,0,0,0,0,0,0,0,0,0,0,0,0,0,0,0,0,0,567.86,977.38,0,0,0,0,0,0,0,0,0,0,0,0,0,0,0,0,0,0,0,0,0,0,0,0,0,0,188.54,0,340.83,48.635,232.09,68
108.04,802.3,109.45,0,762.83,0,128.59,94.542,113.54,114.95,141.01,130.92,101.26,126.87,137.46,133.43,107.05,106.98,83.785,71.428,138.73,89.373,166.33,134.69,0,0,0,0,0,0,0,106.86,0,0,0,132.17,109.93,208.42,128.02,141.32,105.52,0,0,0,0,0,100.41,0,0,0,0,0,0,0,0,0,0,0,0,0,0,0,0,0,0,0,0,0,0,0,0,0,0,0,0,0,0,0,0,0,567.86,977.38,0,0,0,0,0,0,0,0,0,0,0,0,0,0,0,0,0,0,0,0,0,0,0,0,0,0,52.561,0,340.83,51.954,206.17,68
106.43,779.36,111.32,0,741.02,0,128.59,94.542,113.54,115.43,141.01,130.92,101.26,126.87,137.46,133.43,107.05,106.98,83.488,71.428,138.73,89.373,155.61,134.06,63.433,0,0,0,0,0,0,108.3,0,0,0,132.17,109.93,208.42,128.02,141.32,105.52,0,0,0,0,0,100.41,0,0,0,0,0,0,0,0,0,0,0,0,0,0,0,0,0,0,0,0,0,0,0,0,0,0,0,0,0,0,0,0,0,540.76,977.38,0,0,0,0,0,0,0,0,0,0,0,0,0,0,0,0,0,0,0,0,0,0,0,0,0,0,57.773,0,335.1,50.636,199.23,68
104.81,756.41,113.19,0,719.2,0,128.59,94.542,113.54,115.92,141.01,130.92,101.26,126.87,137.46,133.43,107.05,106.98,83.192,71.428,138.73,89.373,144.88,133.44,126.87,0,0,0,0,0,0,109.74,0,0,0,132.17,109.93,208.42,128.02,141.32,105.52,0,0,0,0,0,100.41,0,0,0,0,0,0,0,0,0,0,0,0,0,0,0,0,0,0,0,0,0,0,0,0,0,0,0,0,0,0,0,0,0,513.65,977.38,0,0,0,0,0,0,0,0,0,0,0,0,0,0,0,0,0,0,0,0,0,0,0,0,0,0,62.986,0,329.38,49.317,192.29,68
159.52,756.41,122.81,0,719.2,0,128.59,94.542,113.54,115.92,141.01,130.92,101.26,126.87,137.46,133.43,107.05,106.98,83.192,71.428,138.73,89.373,144.88,151.56,126.87,0,0,0,0,0,0,109.74,0,0,0,132.17,109.93,208.42,128.02,141.32,105.52,0,0,0,0,0,100.41,0,0,0,0,0,0,0,0,0,0,0,0,0,0,0,0,0,0,0,0,0,0,0,0,0,0,0,0,0,0,0,0,0,513.65,977.38,0,0,0,0,0,0,0,0,0,0,0,0,0,0,0,0,0,0,0,0,0,0,0,0,0,0,69.955,0,329.38,49.317,192.87,68
214.24,756.41,132.43,0,719.2,0,128.59,94.542,113.54,115.92,141.01,130.92,101.26,126.87,137.46,133.43,107.05,106.98,83.192,71.428,138.73,89.373,144.88,169.69,126.87,0,0,0,0,0,0,109.74,0,0,0,132.17,109.93,208.42,128.02,141.32,105.52,0,0,0,0,0,100.41,0,0,0,0,0,0,0,0,0,0,0,0,0,0,0,0,0,0,0,0,0,0,0,0,0,0,0,0,0,0,0,0,0,513.65,977.38,0,0,0,0,0,0,0,0,0,0,0,0,0,0,0,0,0,0,0,0,0,0,0,0,0,0,76.924,0,329.38,49.317,193.45,68
180.39,748.55,128.44,0,711.73,0,128.35,101.54,111.39,115.92,141.01,130.92,101.26,126.87,137.46,133.43,107.05,106.98,83.493,71.428,144.24,89.373,148.04,169.69,126.87,65.456,0,0,0,0,0,108.45,0,0,0,132.17,109.93,208.42,128.02,143.75,107.06,0,0,0,0,0,100.41,0,0,0,0,0,0,0,0,0,0,0,0,0,0,0,0,0,0,0,0,0,0,0,0,0,0,0,0,0,0,0,0,0,507.96,977.38,0,0,0,0,0,0,0,0,0,0,0,0,0,0,0,0,0,0,0,0,0,0,0,0,0,0,87.886,0,294.61,49.058,193.14,68
146.54,740.7,124.46,0,704.26,0,128.11,108.54,109.23,115.92,141.01,130.92,101.26,126.87,137.46,133.43,107.05,106.98,83.794,71.428,149.74,89.373,151.2,169.69,126.87,130.91,0,0,0,0,0,107.17,0,0,0,132.17,109.93,208.42,128.02,146.18,108.6,0,0,0,0,0,100.41,0,0,0,0,0,0,0,0,0,0,0,0,0,0,0,0,0,0,0,0,0,0,0,0,0,0,0,0,0,0,0,0,0,502.27,977.38,0,0,0,0,0,0,0,0,0,0,0,0,0,0,0,0,0,0,0,0,0,0,0,0,0,0,98.849,0,259.84,48.799,192.83,68
144.86,740.7,115.28,0,704.26,0,128.11,108.54,109.23,115.92,141.01,130.92,101.26,126.87,137.46,133.43,107.05,106.98,83.794,73.067,147.96,89.373,151.2,169.69,126.87,130.91,0,0,0,0,0,107.17,0,0,0,132.17,109.93,208.42,128.02,146.18,108.6,0,0,0,0,0,100.41,0,0,0,0,0,0,0,0,0,0,0,0,0,0,0,0,0,0,0,0,0,0,0,0,0,0,0,0,0,0,0,0,0,502.27,977.38,0,0,0,0,0,0,0,0,0,0,0,0,0,0,0,0,0,0,0,0,0,0,0,0,0,0,96.556,0,259.84,48.166,192.83,68
143.18,740.7,106.1,0,704.26,0,128.11,108.54,109.23,115.92,141.01,130.92,101.26,126.87,137.46,133.43,107.05,106.98,83.794,74.707,146.17,89.373,151.2,169.69,126.87,130.91,0,0,0,0,0,107.17,0,0,0,132.17,109.93,208.42,128.02,146.18,108.6,0,0,0,0,0,100.41,0,0,0,0,0,0,0,0,0,0,0,0,0,0,0,0,0,0,0,0,0,0,0,0,0,0,0,0,0,0,0,0,0,502.27,977.38,0,0,0,0,0,0,0,0,0,0,0,0,0,0,0,0,0,0,0,0,0,0,0,0,0,0,94.264,0,259.84,47.532,192.83,68
140.22,740.7,100.06,0,704.26,0,128.11,108.54,109.23,115.92,138.75,130.92,101.26,126.87,137.46,133.43,107.05,106.98,83.794,74.707,146.17,89.373,145.98,169.69,126.87,121.75,0,0,0,0,0,107.17,0,0,0,132.17,109.93,208.42,128.02,146.18,108.6,0,0,0,0,0,100.41,0,0,0,0,0,0,0,0,0,0,0,0,0,0,0,0,0,0,0,0,0,0,0,0,0,0,0,0,0,0,0,0,0,502.27,977.38,0,0,0,0,0,0,0,0,0,0,0,0,0,0,0,0,0,0,0,0,0,0,0,0,0,0,91.087,0,259.84,25.431,192.83,68
137.26,740.7,94.016,0,704.26,0,128.11,108.54,109.23,115.92,136.49,130.92,101.26,126.87,137.46,133.43,107.05,106.98,83.794,74.707,146.17,89.373,140.77,169.69,126.87,112.59,0,0,0,0,0,107.17,0,0,0,132.17,109.93,208.42,128.02,146.18,108.6,0,0,0,0,0,100.41,0,0,0,0,0,0,0,0,0,0,0,0,0,0,0,0,0,0,0,0,0,0,0,0,0,0,0,0,0,0,0,0,0,502.27,977.38,0,0,0,0,0,0,0,0,0,0,0,0,0,0,0,0,0,0,0,0,0,0,0,0,0,0,87.91,0,259.84,3.3304,192.83,68
131.47,740.7,97.003,0,704.26,0,128.11,108.54,109.23,115.92,136.49,130.92,101.26,126.87,137.46,133.43,107.05,106.98,83.794,74.707,146.17,89.373,140.77,165.41,126.87,112.59,0,0,0,0,0,107.17,0,0,0,132.17,109.93,208.42,128.02,146.18,108.6,0,0,0,0,0,100.41,0,0,0,0,0,0,0,0,0,0,0,0,0,0,0,0,0,0,0,0,0,0,0,0,0,0,0,0,0,0,0,0,0,502.27,977.38,0,0,0,0,0,0,0,0,0,0,0,0,0,0,0,0,0,0,0,0,0,0,0,0,0,0,87.18,0,259.84,11.838,192.83,68
125.67,740.7,99.99,0,704.26,0,128.11,108.54,109.23,115.92,136.49,130.92,101.26,126.87,137.46,133.43,107.05,106.98,83.794,74.707,146.17,89.373,140.77,161.13,126.87,112.59,0,0,0,0,0,107.17,0,0,0,132.17,109.93,208.42,128.02,146.18,108.6,0,0,0,0,0,100.41,0,0,0,0,0,0,0,0,0,0,0,0,0,0,0,0,0,0,0,0,0,0,0,0,0,0,0,0,0,0,0,0,0,502.27,977.38,0,0,0,0,0,0,0,0,0,0,0,0,0,0,0,0,0,0,0,0,0,0,0,0,0,0,86.451,0,259.84,20.346,192.83,68
116.23,740.7,99.945,0,704.26,0,128.11,108.54,108.66,115.92,136.49,130.92,101.26,126.87,137.03,133.43,107.05,106.98,83.794,74.707,146.17,89.373,140.77,161.13,126.87,112.59,0,0,0,0,0,107.17,0,0,0,132.17,109.93,208.42,128.02,146.18,107.36,0,0,0,0,0,100.41,0,0,0,0,0,0,0,0,0,0,0,0,0,0,0,0,0,0,0,0,0,0,0,0,0,0,0,0,0,0,0,0,0,502.27,977.38,0,0,0,0,0,0,0,0,0,0,0,0,0,0,0,0,0,0,0,0,0,0,0,0,0,0,55.943,0,254.38,20.346,190.71,68
106.8,740.7,99.899,0,704.26,0,128.11,108.54,108.1,115.92,136.49,130.92,101.26,126.87,136.6,133.43,107.05,106.98,83.794,74.707,146.17,89.373,140.77,161.13,126.87,112.59,0,0,0,0,0,107.17,0,0,0,132.17,109.93,208.42,128.02,146.18,106.13,0,0,0,0,0,100.41,0,0,0,0,0,0,0,0,0,0,0,0,0,0,0,0,0,0,0,0,0,0,0,0,0,0,0,0,0,0,0,0,0,502.27,977.38,0,0,0,0,0,0,0,0,0,0,0,0,0,0,0,0,0,0,0,0,0,0,0,0,0,0,25.436,0,248.93,20.346,188.59,68
331.44,777.22,152.35,0,738.99,0,128.11,108.54,108.1,115.92,136.49,130.92,101.26,126.87,136.6,133.43,107.05,106.98,83.794,77.623,146.17,89.373,140.77,161.13,126.87,112.59,0,0,0,0,0,107.17,0,0,0,132.17,109.93,208.42,167.29,144.86,106.13,0,0,0,0,0,100.41,0,0,0,0,0,0,0,0,0,0,0,0,0,0,0,0,0,0,0,0,0,0,0,0,0,0,0,0,0,0,0,0,0,502.27,1025.9,0,0,0,0,0,0,0,0,0,0,0,0,0,0,0,0,0,0,0,0,0,0,0,0,0,0,408.87,0,629.69,20.346,186.65,68
556.07,813.75,204.81,0,773.72,0,128.11,108.54,108.1,115.92,136.49,130.92,101.26,126.87,136.6,133.43,107.05,106.98,83.794,80.538,146.17,89.373,140.77,161.13,126.87,112.59,0,0,0,0,0,107.17,0,0,0,132.17,109.93,208.42,206.57,143.55,106.13,0,0,0,0,0,100.41,0,0,0,0,0,0,0,0,0,0,0,0,0,0,0,0,0,0,0,0,0,0,0,0,0,0,0,0,0,0,0,0,0,502.27,1074.5,0,0,0,0,0,0,0,0,0,0,0,0,0,0,0,0,0,0,0,0,0,0,0,0,0,0,792.3,0,1010.5,20.346,184.7,68
847.25,1065.2,293.31,0,1012.8,0,128.11,108.54,107.58,115.92,134.65,130.92,101.26,126.87,133.57,133.43,107.05,106.98,83.794,80.538,146.17,89.373,137.61,156.14,126.87,111.47,50.04,0,0,0,0,107.17,0,0,0,132.17,109.93,208.42,206.57,143.55,323.85,0,0,0,0,0,100.41,0,0,0,0,0,0,0,0,0,0,0,0,0,0,0,0,0,0,0,0,0,0,0,0,0,0,0,0,0,0,0,0,0,957.3,1074.5,0,0,0,0,0,0,0,0,0,0,0,0,0,0,0,0,0,0,0,0,0,0,0,0,0,0,1098.5,0,1171.2,21.723,1731.2,68
1138.4,1316.7,381.8,0,1251.9,0,128.11,108.54,107.07,115.92,132.82,130.92,101.26,126.87,130.54,133.43,107.05,106.98,83.794,80.538,146.17,89.373,134.46,151.16,126.87,110.35,100.08,0,0,0,0,107.17,0,0,0,132.17,109.93,208.42,206.57,143.55,541.58,0,0,0,0,0,100.41,0,0,0,0,0,0,0,0,0,0,0,0,0,0,0,0,0,0,0,0,0,0,0,0,0,0,0,0,0,0,0,0,0,1412.3,1074.5,0,0,0,0,0,0,0,0,0,0,0,0,0,0,0,0,0,0,0,0,0,0,0,0,0,0,1404.7,0,1332,23.101,3277.7,68
1114.4,1316.7,245.72,0,1251.9,0,128.11,108.54,107.07,115.92,132.82,130.92,101.26,126.87,130.54,133.43,107.05,106.98,83.794,80.538,146.17,89.373,134.46,151.16,126.87,110.35,102.04,0,0,0,0,107.17,0,0,0,132.17,109.93,208.42,206.57,143.55,541.58,0,0,0,0,0,100.41,0,0,0,0,0,0,0,0,0,0,0,0,0,0,0,0,0,0,0,0,0,0,0,0,0,0,0,0,0,0,0,0,0,1412.3,1074.5,0,0,0,0,0,0,0,0,0,0,0,0,0,0,0,0,0,0,0,0,0,0,0,0,0,0,1373.5,0,1332,24.26,3277.7,68
1090.4,1316.7,109.63,0,1251.9,0,128.11,108.54,107.07,115.92,132.82,130.92,101.26,126.87,130.54,133.43,107.05,106.98,83.794,80.538,146.17,89.373,134.46,151.16,126.87,110.35,104.01,0,0,0,0,107.17,0,0,0,132.17,109.93,208.42,206.57,143.55,541.58,0,0,0,0,0,100.41,0,0,0,0,0,0,0,0,0,0,0,0,0,0,0,0,0,0,0,0,0,0,0,0,0,0,0,0,0,0,0,0,0,1412.3,1074.5,0,0,0,0,0,0,0,0,0,0,0,0,0,0,0,0,0,0,0,0,0,0,0,0,0,0,1342.3,0,1332,25.418,3277.7,68
609.24,1316.7,112.87,0,1251.9,0,128.11,108.54,107.07,115.92,132.82,130.92,101.26,126.87,130.54,133.43,107.05,106.98,83.794,80.538,146.17,89.373,134.46,151.16,126.87,110.35,106.2,0,0,0,0,107.17,0,0,0,132.17,109.93,208.42,206.57,143.55,541.58,0,0,0,0,0,100.41,0,0,0,0,0,0,0,0,0,0,0,0,0,0,0,0,0,0,0,0,0,0,0,0,0,0,0,0,0,0,0,0,0,1412.3,1074.5,0,0,0,0,0,0,0,0,0,0,0,0,0,0,0,0,0,0,0,0,0,0,0,0,0,0,1328.2,0,1332,24.925,3277.7,68
128.06,1316.7,116.1,0,1251.9,0,128.11,108.54,107.07,115.92,132.82,130.92,101.26,126.87,130.54,133.43,107.05,106.98,83.794,80.538,146.17,89.373,134.46,151.16,126.87,110.35,108.39,0,0,0,0,107.17,0,0,0,132.17,109.93,208.42,206.57,143.55,541.58,0,0,0,0,0,100.41,0,0,0,0,0,0,0,0,0,0,0,0,0,0,0,0,0,0,0,0,0,0,0,0,0,0,0,0,0,0,0,0,0,1412.3,1074.5,0,0,0,0,0,0,0,0,0,0,0,0,0,0,0,0,0,0,0,0,0,0,0,0,0,0,1314,0,1332,24.431,3277.7,68
124.84,1316.7,117.9,0,1251.9,0,128.11,108.54,107.07,115.92,132.82,130.92,101.26,126.87,130.54,133.43,107.05,106.98,83.794,80.538,146.17,89.373,134.46,151.16,126.87,110.35,108.76,0,0,0,0,107.17,0,0,0,132.17,109.93,206.96,206.57,143.55,502.3,0,0,0,0,0,100.41,0,0,0,0,0,0,0,0,0,0,0,0,0,0,0,0,0,0,0,0,0,0,0,0,0,0,0,0,0,0,0,0,0,1412.3,1074.5,0,0,0,0,0,0,0,0,0,0,0,0,0,0,0,0,0,0,0,0,0,0,0,0,0,0,680.06,0,1220.3,27.671,2977,68
121.62,1316.7,119.7,0,1251.9,0,128.11,108.54,107.07,115.92,132.82,130.92,101.26,126.87,130.54,133.43,107.05,106.98,83.794,80.538,146.17,89.373,134.46,151.16,126.87,110.35,109.12,0,0,0,0,107.17,0,0,0,132.17,109.93,205.51,206.57,143.55,463.02,0,0,0,0,0,100.41,0,0,0,0,0,0,0,0,0,0,0,0,0,0,0,0,0,0,0,0,0,0,0,0,0,0,0,0,0,0,0,0,0,1412.3,1074.5,0,0,0,0,0,0,0,0,0,0,0,0,0,0,0,0,0,0,0,0,0,0,0,0,0,0,46.082,0,1108.6,30.91,2676.3,68
124.84,1316.7,117.9,0,1251.9,0,128.11,108.54,107.07,115.92,132.82,130.92,101.26,126.87,130.54,133.43,107.05,106.98,83.794,80.538,146.17,89.373,134.46,151.16,126.87,110.35,108.76,0,0,0,0,107.17,0,0,0,132.17,109.93,206.96,206.57,143.55,502.3,0,0,0,0,0,100.41,0,0,0,0,0,0,0,0,0,0,0,0,0,0,0,0,0,0,0,0,0,0,0,0,0,0,0,0,0,0,0,0,0,1412.3,1074.5,0,0,0,0,0,0,0,0,0,0,0,0,0,0,0,0,0,0,0,0,0,0,0,0,0,0,680.06,0,1220.3,27.671,2977,68
