Time	App_Name	BG_App_Cnt	Daylight	
2021-09-10 11:59:39.449966	TextLogger.exe	8	Afternoon
2021-09-10 11:59:46.178977	TextLogger.exe	8	Afternoon
2021-09-10 11:59:59.178226	TextLogger.exe	8	Afternoon
2021-09-10 12:00:00.847763	explorer.exe	8	Afternoon
2021-09-10 12:00:02.272954	explorer.exe	8	Afternoon
2021-09-10 12:00:02.749679	TextLogger.exe	8	Afternoon
2021-09-10 12:00:14.548139	explorer.exe	8	Afternoon
2021-09-10 12:00:15.833701	opera.exe	8	Afternoon
2021-09-10 12:00:53.391301	explorer.exe	8	Afternoon
2021-09-10 12:00:53.734383	Code.exe	8	Afternoon
2021-09-10 12:01:13.467783	explorer.exe	8	Afternoon
2021-09-10 12:01:13.955479	TextLogger.exe	8	Afternoon
2021-09-10 12:02:43.554954	TopTracker.exe	8	Afternoon
2021-09-10 12:02:43.694581	TextLogger.exe	8	Afternoon
2021-09-10 12:03:35.525022	opera.exe	8	Afternoon
2021-09-10 12:03:44.580814	explorer.exe	8	Afternoon
2021-09-10 12:03:45.791579	TextLogger.exe	8	Afternoon
2021-09-10 12:03:49.640289	opera.exe	8	Afternoon
2021-09-10 12:03:51.274918	TextLogger.exe	8	Afternoon
2021-09-10 12:03:56.364313	explorer.exe	8	Afternoon
2021-09-10 12:03:58.716026	cmd.exe	8	Afternoon
2021-09-10 12:03:58.909510	explorer.exe	8	Afternoon
2021-09-10 12:03:59.180783	TextLogger.exe	8	Afternoon
2021-09-10 12:03:59.213695	explorer.exe	8	Afternoon
2021-09-10 12:03:59.232644	TextLogger.exe	8	Afternoon
2021-09-10 12:04:01.609291	explorer.exe	8	Afternoon
2021-09-10 12:04:03.096316	cmd.exe	8	Afternoon
2021-09-10 12:04:03.287808	System Idle Process	8	Afternoon
2021-09-10 12:04:03.315730	explorer.exe	8	Afternoon
2021-09-10 12:04:03.540130	TextLogger.exe	8	Afternoon
2021-09-10 12:04:03.569052	explorer.exe	8	Afternoon
2021-09-10 12:04:03.588002	TextLogger.exe	8	Afternoon
2021-09-10 12:04:06.227945	TextLogger.exe	8	Afternoon
2021-09-10 12:04:05.026157	TextLogger.exe	9	Afternoon
2021-09-10 12:04:07.235252	TextLogger.exe	9	Afternoon
2021-09-10 12:05:18.422947	TextLogger.exe	9	Afternoon
2021-09-10 12:05:18.419970	TextLogger.exe	9	Afternoon
2021-09-10 12:05:21.858761	System Idle Process	9	Afternoon
2021-09-10 12:05:21.875716	explorer.exe	9	Afternoon
2021-09-10 12:05:23.646983	TextLogger.exe	9	Afternoon
2021-09-10 12:05:24.448837	explorer.exe	9	Afternoon
2021-09-10 12:05:26.315850	opera.exe	9	Afternoon
2021-09-10 12:06:23.205871	Code.exe	9	Afternoon
2021-09-10 12:06:42.364655	Code.exe	9	Afternoon
2021-09-10 12:06:45.799472	Code.exe	9	Afternoon
2021-09-10 12:07:31.015597	opera.exe	9	Afternoon
2021-09-10 12:07:32.522575	explorer.exe	9	Afternoon
2021-09-10 12:07:39.983622	explorer.exe	9	Afternoon
2021-09-10 12:07:41.727959	explorer.exe	9	Afternoon
2021-09-10 12:07:42.130884	opera.exe	9	Afternoon
2021-09-10 12:07:44.760852	TopTracker.exe	9	Afternoon
2021-09-10 12:07:45.179732	opera.exe	9	Afternoon
2021-09-10 12:08:55.402007	explorer.exe	9	Afternoon
2021-09-10 12:09:07.100733	WinRAR.exe	9	Afternoon
2021-09-10 12:09:07.207449	explorer.exe	9	Afternoon
2021-09-10 12:09:20.050116	explorer.exe	9	Afternoon
2021-09-10 12:09:20.172787	SearchApp.exe	9	Afternoon
2021-09-10 12:09:25.750876	explorer.exe	9	Afternoon
2021-09-10 12:09:27.255853	Code.exe	9	Afternoon
2021-09-10 12:09:37.909373	Code.exe	9	Afternoon
2021-09-10 12:09:47.500238	Code.exe	7	Afternoon
2021-09-10 12:11:00.657667	explorer.exe	7	Afternoon
2021-09-10 12:11:04.365755	explorer.exe	7	Afternoon
2021-09-10 12:11:04.700857	explorer.exe	7	Afternoon
2021-09-10 12:11:07.259019	opera.exe	7	Afternoon
2021-09-10 12:11:22.360648	explorer.exe	7	Afternoon
2021-09-10 12:11:35.545401	WinRAR.exe	7	Afternoon
2021-09-10 12:11:35.703977	explorer.exe	7	Afternoon
2021-09-10 12:12:06.906565	explorer.exe	7	Afternoon
2021-09-10 12:12:07.002307	SearchApp.exe	7	Afternoon
2021-09-10 12:12:10.321435	explorer.exe	7	Afternoon
2021-09-10 12:12:11.628939	Code.exe	7	Afternoon
2021-09-10 12:12:21.142507	Code.exe	7	Afternoon
2021-09-10 12:12:29.061338	Code.exe	7	Afternoon
2021-09-10 12:12:46.209496	TopTracker.exe	7	Afternoon
2021-09-10 12:12:46.338153	Code.exe	7	Afternoon
2021-09-10 12:13:47.230369	opera.exe	7	Afternoon
2021-09-10 12:18:03.028792	TopTracker.exe	7	Afternoon
2021-09-10 12:18:03.137502	opera.exe	7	Afternoon
2021-09-10 12:22:43.557208	TopTracker.exe	7	Afternoon
2021-09-10 12:22:43.706808	opera.exe	7	Afternoon
2021-09-10 12:27:43.961032	TopTracker.exe	7	Afternoon
2021-09-10 12:27:44.106643	opera.exe	7	Afternoon
2021-09-10 12:29:00.347826	Code.exe	7	Afternoon
2021-09-10 12:29:47.344192	Skype.exe	7	Afternoon
2021-09-10 12:30:38.992645	Code.exe	7	Afternoon
2021-09-10 12:30:46.553446	opera.exe	7	Afternoon
2021-09-10 12:31:15.845127	Code.exe	7	Afternoon
2021-09-10 12:32:43.167800	TopTracker.exe	7	Afternoon
2021-09-10 12:32:43.539805	Code.exe	7	Afternoon
2021-09-10 12:32:44.838333	opera.exe	7	Afternoon
2021-09-10 12:33:05.799299	Code.exe	7	Afternoon
2021-09-10 12:33:18.442500	opera.exe	7	Afternoon
2021-09-10 12:33:49.010782	Skype.exe	7	Afternoon
2021-09-10 12:33:53.406032	TextLogger.exe	7	Afternoon
2021-09-10 12:33:53.585554	Skype.exe	7	Afternoon
2021-09-10 12:35:02.593076	Code.exe	8	Afternoon
2021-09-10 12:36:23.106839	Skype.exe	8	Afternoon
2021-09-10 12:36:27.353487	opera.exe	8	Afternoon
2021-09-10 12:36:35.388008	Skype.exe	8	Afternoon
2021-09-10 12:36:45.801179	opera.exe	8	Afternoon
2021-09-10 12:36:56.851629	Skype.exe	8	Afternoon
2021-09-10 12:37:36.891591	opera.exe	8	Afternoon
2021-09-10 12:37:44.465343	TopTracker.exe	8	Afternoon
2021-09-10 12:37:44.563083	opera.exe	8	Afternoon
2021-09-10 12:39:40.840240	Skype.exe	8	Afternoon
2021-09-10 12:39:59.492379	opera.exe	8	Afternoon
2021-09-10 12:42:43.398524	TopTracker.exe	8	Afternoon
2021-09-10 12:42:43.537153	opera.exe	8	Afternoon
2021-09-10 12:43:19.286585	Skype.exe	8	Afternoon
2021-09-10 12:44:35.712277	explorer.exe	8	Afternoon
2021-09-10 12:44:36.055360	opera.exe	8	Afternoon
2021-09-10 12:47:43.895209	TopTracker.exe	9	Afternoon
2021-09-10 12:47:43.999930	opera.exe	9	Afternoon
2021-09-10 12:48:30.637265	Skype.exe	9	Afternoon
2021-09-10 12:48:45.149460	opera.exe	9	Afternoon
2021-09-10 12:49:23.868023	Skype.exe	9	Afternoon
2021-09-10 12:49:40.373320	opera.exe	9	Afternoon
2021-09-10 12:50:59.643056	Skype.exe	9	Afternoon
2021-09-10 12:51:29.965509	opera.exe	9	Afternoon
2021-09-10 12:52:52.281455	TopTracker.exe	9	Afternoon
2021-09-10 12:52:52.360244	opera.exe	9	Afternoon
2021-09-10 12:53:07.879755	Skype.exe	9	Afternoon
2021-09-10 12:55:15.754908	notepad.exe	9	Afternoon
2021-09-10 12:55:16.311429	opera.exe	9	Afternoon
2021-09-10 12:56:30.761348	explorer.exe	9	Afternoon
2021-09-10 12:56:31.114937	Skype.exe	9	Afternoon
2021-09-10 12:56:31.896846	explorer.exe	9	Afternoon
2021-09-10 12:56:32.398507	TextLogger.exe	9	Afternoon
2021-09-10 12:56:42.296046	Skype.exe	9	Afternoon
2021-09-10 12:56:44.499157	opera.exe	9	Afternoon
2021-09-10 12:57:45.619764	TopTracker.exe	9	Afternoon
2021-09-10 12:57:45.719505	opera.exe	9	Afternoon
2021-09-10 12:58:59.363625	TextLogger.exe	9	Afternoon
2021-09-10 12:58:59.705711	Skype.exe	9	Afternoon
2021-09-10 12:59:09.073668	opera.exe	9	Afternoon
2021-09-10 12:59:38.476066	Skype.exe	9	Afternoon
2021-09-10 12:59:39.646936	opera.exe	9	Afternoon
2021-09-10 13:07:48.481183	TopTracker.exe	8	Afternoon
2021-09-10 13:07:48.618816	opera.exe	8	Afternoon
2021-09-10 13:16:10.272751	TopTracker.exe	8	Afternoon
2021-09-10 13:16:10.445289	opera.exe	8	Afternoon
2021-09-10 13:17:44.781102	TopTracker.exe	8	Afternoon
2021-09-10 13:17:44.940675	opera.exe	8	Afternoon
2021-09-10 13:18:22.794481	explorer.exe	8	Afternoon
2021-09-10 13:18:31.235916	opera.exe	8	Afternoon
2021-09-10 13:18:32.431718	explorer.exe	8	Afternoon
2021-09-10 13:18:40.285721	WINWORD.EXE	8	Afternoon
2021-09-10 13:18:55.921000	SnippingTool.exe	8	Afternoon
2021-09-10 13:18:57.769059	WINWORD.EXE	8	Afternoon
2021-09-10 13:18:58.095187	SnippingTool.exe	8	Afternoon
2021-09-10 13:19:00.145706	WINWORD.EXE	8	Afternoon
2021-09-10 13:19:00.183604	SnippingTool.exe	8	Afternoon
2021-09-10 13:19:02.262053	opera.exe	8	Afternoon
2021-09-10 13:22:47.533922	TopTracker.exe	9	Afternoon
2021-09-10 13:22:47.664572	opera.exe	9	Afternoon
2021-09-10 13:24:22.106361	explorer.exe	9	Afternoon
2021-09-10 13:24:22.264936	SearchApp.exe	9	Afternoon
2021-09-10 13:24:24.351359	explorer.exe	9	Afternoon
2021-09-10 13:24:24.467050	SearchApp.exe	9	Afternoon
2021-09-10 13:24:25.271897	StartMenuExperienceHost.exe	9	Afternoon
2021-09-10 13:24:26.174485	opera.exe	9	Afternoon
2021-09-10 13:24:27.708384	explorer.exe	9	Afternoon
2021-09-10 13:24:27.829061	SearchApp.exe	9	Afternoon
2021-09-10 13:24:28.345681	explorer.exe	9	Afternoon
2021-09-10 13:24:28.444417	opera.exe	9	Afternoon
2021-09-10 13:25:02.446519	ApplicationFrameHost.exe	9	Afternoon
2021-09-10 13:25:03.934543	explorer.exe	9	Afternoon
2021-09-10 13:25:04.260669	opera.exe	9	Afternoon
2021-09-10 13:26:45.865051	TextLogger.exe	9	Afternoon
2021-09-10 13:27:00.601658	opera.exe	9	Afternoon
2021-09-10 13:38:13.942626	TopTracker.exe	9	Afternoon
2021-09-10 13:38:14.042360	opera.exe	9	Afternoon
2021-09-10 13:38:59.691327	Skype.exe	9	Afternoon
2021-09-10 13:39:05.571641	opera.exe	9	Afternoon
2021-09-10 13:42:46.414606	TopTracker.exe	9	Afternoon
2021-09-10 13:42:46.580161	opera.exe	9	Afternoon
2021-09-10 13:47:48.860080	TopTracker.exe	9	Afternoon
2021-09-10 13:47:49.006688	opera.exe	9	Afternoon
2021-09-10 13:52:44.543736	TopTracker.exe	9	Afternoon
2021-09-10 13:52:44.692351	opera.exe	9	Afternoon
2021-09-10 13:57:05.243809	TextLogger.exe	9	Afternoon
2021-09-10 13:57:10.932601	opera.exe	9	Afternoon
2021-09-10 14:02:50.333002	TopTracker.exe	9	Afternoon
2021-09-10 14:02:50.456671	opera.exe	9	Afternoon
2021-09-10 14:06:29.315612	Skype.exe	9	Afternoon
2021-09-10 14:06:41.224761	SnippingTool.exe	9	Afternoon
2021-09-10 14:06:41.655610	opera.exe	9	Afternoon
2021-09-10 14:07:00.306750	Skype.exe	9	Afternoon
2021-09-10 14:07:04.972278	opera.exe	9	Afternoon
2021-09-10 14:07:20.916653	Skype.exe	9	Afternoon
2021-09-10 14:07:30.399310	opera.exe	9	Afternoon
2021-09-10 14:07:32.938515	SnippingTool.exe	9	Afternoon
2021-09-10 14:07:34.329796	explorer.exe	9	Afternoon
2021-09-10 14:07:34.344756	SnippingTool.exe	9	Afternoon
2021-09-10 14:07:34.384650	opera.exe	9	Afternoon
2021-09-10 14:07:34.736709	SnippingTool.exe	9	Afternoon
2021-09-10 14:07:38.714076	Skype.exe	9	Afternoon
2021-09-10 14:07:46.914155	TopTracker.exe	9	Afternoon
2021-09-10 14:07:47.038821	Skype.exe	9	Afternoon
2021-09-10 14:07:47.913484	opera.exe	9	Afternoon
2021-09-10 14:07:54.543764	SnippingTool.exe	9	Afternoon
2021-09-10 14:07:55.965956	explorer.exe	9	Afternoon
2021-09-10 14:07:55.972938	SnippingTool.exe	9	Afternoon
2021-09-10 14:07:56.050730	opera.exe	9	Afternoon
2021-09-10 14:07:56.342957	SnippingTool.exe	9	Afternoon
2021-09-10 14:07:59.181361	Skype.exe	9	Afternoon
2021-09-10 14:08:08.424663	opera.exe	9	Afternoon
2021-09-10 14:08:12.986456	Skype.exe	9	Afternoon
2021-09-10 14:08:22.798226	opera.exe	9	Afternoon
2021-09-10 14:08:24.142639	Skype.exe	9	Afternoon
2021-09-10 14:08:56.073272	opera.exe	9	Afternoon
2021-09-10 14:09:26.846009	Skype.exe	9	Afternoon
2021-09-10 14:09:38.890810	opera.exe	9	Afternoon
2021-09-10 14:10:13.891243	Skype.exe	9	Afternoon
2021-09-10 14:10:19.518207	opera.exe	9	Afternoon
2021-09-10 14:11:01.170849	TextLogger.exe	9	Afternoon
2021-09-10 14:11:01.619650	Skype.exe	9	Afternoon
2021-09-10 14:11:14.868236	opera.exe	9	Afternoon
2021-09-10 14:12:44.091714	TopTracker.exe	9	Afternoon
2021-09-10 14:12:44.212392	opera.exe	9	Afternoon
2021-09-10 14:22:43.630430	TopTracker.exe	9	Afternoon
2021-09-10 14:22:43.761081	opera.exe	9	Afternoon
2021-09-10 14:27:38.215918	TextLogger.exe	9	Afternoon
2021-09-10 14:27:47.152029	TopTracker.exe	9	Afternoon
2021-09-10 14:27:47.263731	TextLogger.exe	9	Afternoon
2021-09-10 14:27:53.751388	opera.exe	9	Afternoon
2021-09-10 14:31:20.963450	Skype.exe	9	Afternoon
2021-09-10 14:31:40.242910	opera.exe	9	Afternoon
2021-09-10 14:32:20.945664	explorer.exe	9	Afternoon
2021-09-10 14:32:22.460614	ShellExperienceHost.exe	9	Afternoon
2021-09-10 14:32:29.178655	opera.exe	9	Afternoon
2021-09-10 14:32:45.855074	TopTracker.exe	9	Afternoon
2021-09-10 14:32:45.988718	opera.exe	9	Afternoon
2021-09-10 14:37:48.549023	TopTracker.exe	9	Afternoon
2021-09-10 14:37:48.702613	opera.exe	9	Afternoon
2021-09-10 14:44:59.989585	TopTracker.exe	9	Afternoon
2021-09-10 14:45:00.119238	opera.exe	9	Afternoon
2021-09-10 14:47:55.621072	TopTracker.exe	9	Afternoon
2021-09-10 14:47:55.734767	opera.exe	9	Afternoon
2021-09-10 14:52:47.754115	TopTracker.exe	9	Afternoon
2021-09-10 14:52:47.868809	opera.exe	9	Afternoon
2021-09-10 14:53:58.610204	Skype.exe	9	Afternoon
2021-09-10 14:54:18.043265	TopTracker.exe	9	Afternoon
2021-09-10 14:54:20.229576	opera.exe	9	Afternoon
2021-09-10 15:19:32.194874	TextLogger.exe	10	Afternoon
2021-09-10 15:19:39.781593	opera.exe	10	Afternoon
2021-09-10 15:19:49.806793	Skype.exe	9	Afternoon
2021-09-10 15:19:56.480952	opera.exe	9	Afternoon
2021-09-10 15:20:01.938363	Skype.exe	9	Afternoon
2021-09-10 15:20:02.649462	TopTracker.exe	9	Afternoon
2021-09-10 15:20:04.322986	opera.exe	9	Afternoon
2021-09-10 15:20:04.970257	TopTracker.exe	9	Afternoon
2021-09-10 15:20:05.902278	opera.exe	9	Afternoon
2021-09-10 15:20:10.595731	TopTracker.exe	9	Afternoon
2021-09-10 15:20:10.703444	opera.exe	9	Afternoon
2021-09-10 15:23:55.157412	Skype.exe	9	Afternoon
2021-09-10 15:24:01.649061	opera.exe	9	Afternoon
2021-09-10 15:25:06.121705	TopTracker.exe	9	Afternoon
2021-09-10 15:25:06.233406	opera.exe	9	Afternoon
2021-09-10 15:25:50.520015	Code.exe	9	Afternoon
2021-09-10 15:25:53.179904	opera.exe	9	Afternoon
2021-09-10 15:30:29.741575	TopTracker.exe	9	Afternoon
2021-09-10 15:30:29.858264	opera.exe	9	Afternoon
2021-09-10 15:32:02.009915	Skype.exe	9	Afternoon
2021-09-10 15:38:03.721955	opera.exe	9	Afternoon
2021-09-10 15:40:10.534947	TopTracker.exe	9	Afternoon
2021-09-10 15:40:10.687539	opera.exe	9	Afternoon
2021-09-10 15:45:06.230469	TopTracker.exe	9	Afternoon
2021-09-10 15:45:06.350149	opera.exe	9	Afternoon
2021-09-10 15:49:44.547961	TextLogger.exe	10	Afternoon
2021-09-10 15:49:56.736378	opera.exe	10	Afternoon
2021-09-10 15:50:14.249559	TopTracker.exe	10	Afternoon
2021-09-10 15:50:15.413449	opera.exe	10	Afternoon
2021-09-10 15:51:21.464873	Skype.exe	10	Afternoon
2021-09-10 15:51:26.672952	opera.exe	10	Afternoon
2021-09-10 15:55:05.786003	TopTracker.exe	9	Afternoon
2021-09-10 15:55:05.902692	opera.exe	9	Afternoon
2021-09-10 16:00:06.166002	TopTracker.exe	9	Evening
2021-09-10 16:00:06.281693	opera.exe	9	Evening
2021-09-10 16:05:07.960218	TopTracker.exe	9	Evening
2021-09-10 16:05:08.096853	opera.exe	9	Evening
2021-09-10 16:09:03.778806	Skype.exe	9	Evening
2021-09-10 16:09:30.561210	opera.exe	9	Evening
2021-09-10 16:10:16.396829	TopTracker.exe	9	Evening
2021-09-10 16:10:16.518501	opera.exe	9	Evening
2021-09-10 16:15:08.398197	TopTracker.exe	9	Evening
2021-09-10 16:15:08.537832	opera.exe	9	Evening
2021-09-10 16:16:34.890914	Code.exe	9	Evening
2021-09-10 16:16:37.111981	opera.exe	9	Evening
2021-09-10 16:19:21.490554	Code.exe	9	Evening
2021-09-10 16:19:26.263785	Skype.exe	9	Evening
2021-09-10 16:19:35.480775	TopTracker.exe	9	Evening
2021-09-10 16:19:36.488082	SnippingTool.exe	9	Evening
2021-09-10 16:19:36.614743	TopTracker.exe	9	Evening
2021-09-10 16:19:37.495390	WINWORD.EXE	9	Evening
2021-09-10 16:19:42.215771	TopTracker.exe	9	Evening
2021-09-10 16:20:07.738662	TextLogger.exe	7	Evening
2021-09-10 16:20:29.486524	TopTracker.exe	7	Evening
2021-09-10 16:20:30.656397	explorer.exe	7	Evening
2021-09-10 16:20:32.670014	opera.exe	7	Evening
2021-09-10 16:25:54.096754	TopTracker.exe	7	Evening
2021-09-10 16:25:54.222411	opera.exe	7	Evening
2021-09-10 16:30:02.166439	Skype.exe	7	Evening
2021-09-10 16:30:03.548447	TextLogger.exe	7	Evening
2021-09-10 16:30:04.572433	Skype.exe	7	Evening
2021-09-10 16:30:05.417471	SnippingTool.exe	7	Evening
2021-09-10 16:30:05.850480	opera.exe	7	Evening
2021-09-10 16:30:11.294441	TopTracker.exe	7	Evening
2021-09-10 16:30:11.402417	opera.exe	7	Evening
2021-09-10 16:34:51.869213	SnippingTool.exe	7	Evening
2021-09-10 16:34:52.824961	Skype.exe	7	Evening
2021-09-10 16:34:57.819001	explorer.exe	7	Evening
2021-09-10 16:34:59.131342	TopTracker.exe	7	Evening
2021-09-10 16:35:00.254340	explorer.exe	7	Evening
2021-09-10 16:35:01.660580	TopTracker.exe	7	Evening
2021-09-10 16:35:01.788239	notepad.exe	7	Evening
2021-09-10 16:35:02.053530	explorer.exe	7	Evening
2021-09-10 16:35:04.060165	notepad.exe	7	Evening
2021-09-10 16:35:04.327451	explorer.exe	7	Evening
2021-09-10 16:35:07.232684	TopTracker.exe	7	Evening
2021-09-10 16:35:07.352364	explorer.exe	7	Evening
2021-09-10 16:35:10.264579	explorer.exe	7	Evening
2021-09-10 16:35:34.530708	brave.exe	7	Evening
2021-09-10 16:36:29.839852	brave.exe	7	Evening
2021-09-10 16:37:07.306692	brave.exe	7	Evening
2021-09-10 16:37:25.135033	brave.exe	7	Evening
2021-09-10 16:37:30.950486	brave.exe	7	Evening
2021-09-10 16:38:03.114501	brave.exe	7	Evening
2021-09-10 16:38:05.773393	brave.exe	7	Evening
2021-09-10 16:38:26.300518	brave.exe	7	Evening
2021-09-10 16:38:29.014264	brave.exe	7	Evening
2021-09-10 16:38:56.728177	brave.exe	7	Evening
2021-09-10 16:38:59.366127	brave.exe	7	Evening
2021-09-10 16:39:22.802472	brave.exe	7	Evening
2021-09-10 16:39:24.903863	brave.exe	7	Evening
2021-09-10 16:39:27.261552	brave.exe	7	Evening
2021-09-10 16:39:29.706018	brave.exe	7	Evening
2021-09-10 16:40:23.500210	TopTracker.exe	7	Evening
2021-09-10 16:40:23.690703	brave.exe	7	Evening
2021-09-10 16:40:39.089535	opera.exe	7	Evening
2021-09-10 16:45:07.308508	TopTracker.exe	7	Evening
2021-09-10 16:45:07.439160	opera.exe	7	Evening
2021-09-10 16:50:07.256660	TopTracker.exe	7	Evening
2021-09-10 16:50:07.374346	opera.exe	7	Evening
2021-09-10 16:55:34.462943	TopTracker.exe	8	Evening
2021-09-10 16:55:34.550709	opera.exe	8	Evening
2021-09-10 16:55:36.320977	explorer.exe	8	Evening
2021-09-10 16:55:36.871504	TextLogger.exe	8	Evening
2021-09-10 16:55:55.196524	opera.exe	8	Evening
2021-09-10 17:00:07.651631	TopTracker.exe	7	Evening
2021-09-10 17:00:07.758346	opera.exe	7	Evening
2021-09-10 17:06:04.275275	TopTracker.exe	7	Evening
2021-09-10 17:06:04.389969	opera.exe	7	Evening
2021-09-10 17:10:36.369885	TopTracker.exe	7	Evening
2021-09-10 17:10:36.464633	opera.exe	7	Evening
2021-09-10 17:13:37.993354	brave.exe	7	Evening
2021-09-10 17:14:48.204659	opera.exe	7	Evening
2021-09-10 17:15:19.661566	TopTracker.exe	7	Evening
2021-09-10 17:15:19.811166	opera.exe	7	Evening
2021-09-10 17:19:53.431827	Skype.exe	7	Evening
2021-09-10 17:19:56.153551	opera.exe	7	Evening
2021-09-10 17:20:09.200672	TopTracker.exe	7	Evening
2021-09-10 17:20:09.329328	opera.exe	7	Evening
2021-09-10 17:23:37.490860	explorer.exe	7	Evening
2021-09-10 17:23:38.498161	brave.exe	7	Evening
2021-09-10 17:23:38.516111	brave.exe	7	Evening
2021-09-10 17:23:45.139406	explorer.exe	7	Evening
2021-09-10 17:23:45.667016	brave.exe	7	Evening
2021-09-10 17:23:46.794980	brave.exe	7	Evening
2021-09-10 17:23:48.640048	opera.exe	7	Evening
2021-09-10 17:26:04.956635	TopTracker.exe	7	Evening
2021-09-10 17:26:05.108229	opera.exe	7	Evening
2021-09-10 17:30:06.881898	explorer.exe	7	Evening
2021-09-10 17:30:07.420457	brave.exe	7	Evening
2021-09-10 17:30:08.886539	opera.exe	7	Evening
2021-09-10 17:30:09.771174	brave.exe	7	Evening
2021-09-10 17:30:13.422413	TopTracker.exe	7	Evening
2021-09-10 17:30:14.713960	brave.exe	7	Evening
2021-09-10 17:31:14.288702	SnippingTool.exe	7	Evening
2021-09-10 17:31:15.870471	brave.exe	7	Evening
2021-09-10 17:31:15.888423	SnippingTool.exe	7	Evening
2021-09-10 17:31:16.152718	brave.exe	7	Evening
2021-09-10 17:31:16.457923	SnippingTool.exe	7	Evening
2021-09-10 17:31:30.345775	brave.exe	7	Evening
2021-09-10 17:31:40.704084	SnippingTool.exe	7	Evening
2021-09-10 17:31:42.513248	brave.exe	7	Evening
2021-09-10 17:31:42.856330	SnippingTool.exe	7	Evening
2021-09-10 17:31:44.640568	brave.exe	7	Evening
2021-09-10 17:31:44.645549	SnippingTool.exe	7	Evening
2021-09-10 17:31:51.411460	brave.exe	7	Evening
2021-09-10 17:32:01.924357	SnippingTool.exe	7	Evening
2021-09-10 17:32:03.028404	brave.exe	7	Evening
2021-09-10 17:32:03.365503	SnippingTool.exe	7	Evening
2021-09-10 17:32:06.694604	brave.exe	7	Evening
2021-09-10 17:32:06.705598	SnippingTool.exe	7	Evening
2021-09-10 17:32:13.927269	brave.exe	7	Evening
2021-09-10 17:32:21.569838	SnippingTool.exe	7	Evening
2021-09-10 17:32:23.086794	brave.exe	7	Evening
2021-09-10 17:32:23.375012	SnippingTool.exe	7	Evening
2021-09-10 17:32:25.512299	brave.exe	7	Evening
2021-09-10 17:32:25.520286	SnippingTool.exe	7	Evening
2021-09-10 17:32:33.546820	brave.exe	7	Evening
2021-09-10 17:32:41.678082	explorer.exe	7	Evening
2021-09-10 17:32:48.025115	brave.exe	7	Evening
2021-09-10 17:33:08.173256	brave.exe	7	Evening
2021-09-10 17:33:09.760012	brave.exe	7	Evening
2021-09-10 17:33:15.164564	explorer.exe	7	Evening
2021-09-10 17:33:19.673510	brave.exe	7	Evening
2021-09-10 17:36:19.225516	brave.exe	8	Evening
2021-09-10 17:36:21.643052	brave.exe	8	Evening
2021-09-10 17:36:29.634689	ApplicationFrameHost.exe	8	Evening
2021-09-10 17:36:49.946390	brave.exe	8	Evening
2021-09-10 17:36:52.493581	opera.exe	8	Evening
2021-09-10 17:39:23.103955	explorer.exe	8	Evening
2021-09-10 17:39:27.127200	opera.exe	8	Evening
2021-09-10 17:39:49.338822	explorer.exe	7	Evening
2021-09-10 17:40:00.853041	opera.exe	7	Evening
2021-09-10 17:40:05.659192	explorer.exe	7	Evening
2021-09-10 17:40:07.628927	opera.exe	7	Evening
2021-09-10 17:40:09.770203	TopTracker.exe	7	Evening
2021-09-10 17:40:09.862955	opera.exe	7	Evening
2021-09-10 17:40:12.760210	explorer.exe	7	Evening
2021-09-10 17:40:14.640185	opera.exe	7	Evening
2021-09-10 17:40:21.338278	explorer.exe	7	Evening
2021-09-10 17:40:27.645417	WinRAR.exe	7	Evening
2021-09-10 17:40:28.936965	explorer.exe	7	Evening
2021-09-10 17:40:34.319576	opera.exe	7	Evening
2021-09-10 17:40:52.480028	explorer.exe	7	Evening
2021-09-10 17:41:22.540667	opera.exe	7	Evening
2021-09-10 17:41:23.295652	explorer.exe	7	Evening
2021-09-10 17:41:25.404012	opera.exe	7	Evening
2021-09-10 17:42:26.838779	explorer.exe	7	Evening
2021-09-10 17:42:28.156257	notepad.exe	7	Evening
2021-09-10 17:42:30.672531	opera.exe	7	Evening
2021-09-10 17:45:08.364976	TopTracker.exe	8	Evening
2021-09-10 17:45:08.544493	opera.exe	8	Evening
2021-09-10 17:45:58.979665	explorer.exe	8	Evening
2021-09-10 17:46:01.181779	opera.exe	8	Evening
2021-09-10 17:46:03.923449	explorer.exe	8	Evening
2021-09-10 17:46:05.367589	SnippingTool.exe	8	Evening
2021-09-10 17:46:06.025829	opera.exe	8	Evening
2021-09-10 17:46:08.010523	explorer.exe	8	Evening
2021-09-10 17:46:13.486884	opera.exe	8	Evening
2021-09-10 17:46:15.690991	explorer.exe	8	Evening
2021-09-10 17:46:17.825288	opera.exe	8	Evening
2021-09-10 17:50:31.430326	TopTracker.exe	8	Evening
2021-09-10 17:50:31.596881	opera.exe	8	Evening
2021-09-10 17:55:09.814125	TopTracker.exe	8	Evening
2021-09-10 17:55:09.954753	opera.exe	8	Evening
2021-09-10 18:04:40.342379	Skype.exe	8	Evening
2021-09-10 18:05:03.076605	opera.exe	8	Evening
2021-09-10 18:05:07.690270	TopTracker.exe	8	Evening
2021-09-10 18:05:07.782025	opera.exe	8	Evening
2021-09-10 18:10:28.449787	TopTracker.exe	8	Evening
2021-09-10 18:10:28.643270	opera.exe	8	Evening
2021-09-10 18:15:07.658382	TopTracker.exe	8	Evening
2021-09-10 18:15:07.755123	opera.exe	8	Evening
2021-09-10 18:15:26.440172	brave.exe	8	Evening
2021-09-10 18:15:29.649593	opera.exe	8	Evening
2021-09-10 18:20:14.136643	TopTracker.exe	7	Evening
2021-09-10 18:20:14.242361	opera.exe	7	Evening
2021-09-10 18:23:59.254838	opera.exe	7	Evening
2021-09-10 18:24:00.733884	opera.exe	7	Evening
2021-09-10 18:25:25.230999	TopTracker.exe	7	Evening
2021-09-10 18:25:25.335719	opera.exe	7	Evening
2021-09-10 18:26:46.765034	opera.exe	7	Evening
2021-09-10 18:26:48.225130	opera.exe	7	Evening
2021-09-10 18:27:05.991661	dwm.exe	7	Evening
2021-09-10 18:27:20.046087	opera.exe	7	Evening
2021-09-10 18:30:20.200482	TopTracker.exe	7	Evening
2021-09-10 18:30:20.320164	opera.exe	7	Evening
2021-09-10 18:31:55.215481	Zoom.exe	7	Evening
2021-09-10 18:31:56.915934	opera.exe	7	Evening
2021-09-10 18:32:10.841730	Zoom.exe	7	Evening
2021-09-10 18:32:10.902568	dwm.exe	7	Evening
2021-09-10 18:32:17.517883	opera.exe	7	Evening
2021-09-10 18:32:17.628589	Zoom.exe	7	Evening
2021-09-10 18:32:23.762252	opera.exe	7	Evening
2021-09-10 18:32:28.858649	Zoom.exe	7	Evening
2021-09-10 18:33:15.546125	opera.exe	7	Evening
2021-09-10 18:33:56.493109	Zoom.exe	7	Evening
2021-09-10 18:34:03.209764	opera.exe	7	Evening
2021-09-10 18:34:09.369667	opera.exe	7	Evening
2021-09-10 18:34:13.467414	opera.exe	7	Evening
2021-09-10 18:34:17.472322	opera.exe	7	Evening
2021-09-10 18:34:27.135244	dwm.exe	7	Evening
2021-09-10 18:34:28.140803	opera.exe	7	Evening
2021-09-10 18:35:23.950022	TopTracker.exe	7	Evening
2021-09-10 18:35:24.059244	opera.exe	7	Evening
2021-09-10 18:37:07.619719	opera.exe	7	Evening
2021-09-10 18:37:14.995120	opera.exe	7	Evening
2021-09-10 18:38:02.925001	opera.exe	7	Evening
2021-09-10 18:38:04.731114	opera.exe	7	Evening
2021-09-10 18:39:17.985031	opera.exe	7	Evening
2021-09-10 18:39:19.325099	opera.exe	7	Evening
2021-09-10 18:40:14.522811	TopTracker.exe	7	Evening
2021-09-10 18:40:14.646482	opera.exe	7	Evening
2021-09-10 18:40:40.482700	Zoom.exe	7	Evening
2021-09-10 18:40:40.597494	opera.exe	7	Evening
2021-09-10 18:40:40.643370	Zoom.exe	7	Evening
2021-09-10 18:40:50.491209	opera.exe	7	Evening
2021-09-10 18:41:04.160775	opera.exe	7	Evening
2021-09-10 18:41:06.009271	opera.exe	7	Evening
2021-09-10 18:41:32.540335	explorer.exe	7	Evening
2021-09-10 18:41:56.758692	explorer.exe	7	Evening
2021-09-10 18:41:57.347444	TextLogger.exe	7	Evening
2021-09-10 18:42:03.704050	explorer.exe	7	Evening
2021-09-10 18:42:10.491569	opera.exe	7	Evening
2021-09-10 18:42:15.332362	explorer.exe	7	Evening
2021-09-10 18:42:16.259166	Skype.exe	7	Evening
2021-09-10 18:42:50.820599	SnippingTool.exe	7	Evening
2021-09-10 18:42:52.088721	notepad.exe	7	Evening
2021-09-10 18:42:53.746188	explorer.exe	7	Evening
2021-09-10 18:42:55.260650	explorer.exe	7	Evening
2021-09-10 18:44:57.230925	firefox.exe	7	Evening
2021-09-10 18:44:58.062183	explorer.exe	7	Evening
2021-09-10 18:45:08.924158	TopTracker.exe	7	Evening
2021-09-10 18:45:09.049210	explorer.exe	7	Evening
2021-09-10 18:45:10.140319	explorer.exe	7	Evening
2021-09-10 18:45:10.532897	opera.exe	7	Evening
2021-09-10 18:45:49.193687	brave.exe	7	Evening
2021-09-10 18:45:53.612244	opera.exe	7	Evening
2021-09-10 18:47:34.594179	Zoom.exe	7	Evening
2021-09-10 18:47:36.367152	opera.exe	7	Evening
2021-09-10 18:49:16.298322	explorer.exe	7	Evening
2021-09-10 18:49:16.556631	opera.exe	7	Evening
2021-09-10 18:50:07.751771	TopTracker.exe	7	Evening
2021-09-10 18:50:07.861477	opera.exe	7	Evening
2021-09-10 18:50:13.735774	brave.exe	7	Evening
2021-09-10 18:50:17.103772	brave.exe	7	Evening
2021-09-10 18:50:22.525284	brave.exe	7	Evening
2021-09-10 18:50:46.948986	brave.exe	7	Evening
2021-09-10 18:50:51.700284	brave.exe	7	Evening
2021-09-10 18:51:13.485051	brave.exe	7	Evening
2021-09-10 18:51:16.367341	brave.exe	7	Evening
2021-09-10 18:51:36.478579	brave.exe	7	Evening
2021-09-10 18:51:40.290389	brave.exe	7	Evening
2021-09-10 18:52:03.504333	brave.exe	7	Evening
2021-09-10 18:52:06.557171	brave.exe	7	Evening
2021-09-10 18:52:34.298011	brave.exe	7	Evening
2021-09-10 18:52:37.380770	brave.exe	7	Evening
2021-09-10 18:53:02.607333	brave.exe	7	Evening
2021-09-10 18:53:05.476662	brave.exe	7	Evening
2021-09-10 18:53:26.682971	explorer.exe	7	Evening
2021-09-10 18:53:27.615478	opera.exe	7	Evening
2021-09-10 18:53:34.203866	TopTracker.exe	7	Evening
2021-09-10 18:53:36.404981	brave.exe	7	Evening
2021-09-10 18:53:36.924591	TextLogger.exe	7	Evening
2021-09-13 11:06:22.237261	TextLogger.exe	5	Afternoon
2021-09-13 11:06:24.209995	TextLogger.exe	5	Afternoon
2021-09-13 11:06:29.293398	TextLogger.exe	5	Afternoon
2021-09-13 11:06:35.843882	explorer.exe	5	Afternoon
2021-09-13 11:06:37.555317	opera.exe	5	Afternoon
2021-09-13 11:06:46.315883	TopTracker.exe	5	Afternoon
2021-09-13 11:07:19.863191	opera.exe	5	Afternoon
2021-09-13 11:07:23.652060	Skype.exe	5	Afternoon
2021-09-13 11:07:28.024371	opera.exe	5	Afternoon
2021-09-13 11:07:32.641028	TopTracker.exe	5	Afternoon
2021-09-13 11:07:41.143295	explorer.exe	5	Afternoon
2021-09-13 11:07:41.593093	TopTracker.exe	5	Afternoon
2021-09-13 11:07:43.905909	TextLogger.exe	5	Afternoon
2021-09-13 11:07:45.610353	TopTracker.exe	5	Afternoon
2021-09-13 11:07:48.951419	TextLogger.exe	5	Afternoon
2021-09-13 11:08:14.032368	TopTracker.exe	5	Afternoon
2021-09-13 11:08:14.628767	opera.exe	5	Afternoon
2021-09-13 11:08:16.396042	explorer.exe	5	Afternoon
2021-09-13 11:08:16.825895	TopTracker.exe	5	Afternoon
2021-09-13 11:08:59.362168	opera.exe	5	Afternoon
2021-09-13 11:09:01.603175	explorer.exe	5	Afternoon
2021-09-13 11:09:07.302937	opera.exe	5	Afternoon
2021-09-13 11:09:40.994859	TopTracker.exe	5	Afternoon
2021-09-13 11:09:53.034667	Skype.exe	5	Afternoon
2021-09-13 11:09:54.517702	TopTracker.exe	5	Afternoon
2021-09-13 11:09:55.000411	TextLogger.exe	5	Afternoon
2021-09-13 11:10:59.035261	TopTracker.exe	5	Afternoon
2021-09-13 11:10:59.164915	TextLogger.exe	5	Afternoon
2021-09-13 11:10:59.781267	opera.exe	5	Afternoon
2021-09-13 11:11:15.137211	Skype.exe	5	Afternoon
2021-09-13 11:11:42.653642	opera.exe	5	Afternoon
2021-09-13 11:12:20.861489	Skype.exe	5	Afternoon
2021-09-13 11:12:22.858152	opera.exe	5	Afternoon
2021-09-13 11:14:11.508658	TextLogger.exe	5	Afternoon
2021-09-13 11:14:12.382323	opera.exe	5	Afternoon
2021-09-13 11:14:12.945817	TopTracker.exe	5	Afternoon
2021-09-13 11:14:14.469742	opera.exe	5	Afternoon
2021-09-13 11:14:17.571455	TopTracker.exe	5	Afternoon
2021-09-13 11:14:20.856668	opera.exe	5	Afternoon
2021-09-13 11:14:21.565770	explorer.exe	5	Afternoon
2021-09-13 11:14:22.551135	ShellExperienceHost.exe	5	Afternoon
2021-09-13 11:14:28.272846	opera.exe	5	Afternoon
2021-09-13 11:14:36.788080	Skype.exe	5	Afternoon
2021-09-13 11:14:42.328768	opera.exe	5	Afternoon
2021-09-13 11:15:08.665697	TopTracker.exe	5	Afternoon
2021-09-13 11:15:10.190622	opera.exe	5	Afternoon
2021-09-13 11:16:02.206549	TopTracker.exe	5	Afternoon
2021-09-13 11:16:02.311269	opera.exe	5	Afternoon
2021-09-13 11:16:59.755684	TopTracker.exe	5	Afternoon
2021-09-13 11:17:00.577487	Skype.exe	5	Afternoon
2021-09-13 11:17:35.300650	opera.exe	5	Afternoon
2021-09-13 11:17:55.422851	TopTracker.exe	5	Afternoon
2021-09-13 11:18:54.223641	opera.exe	5	Afternoon
2021-09-13 11:18:57.105934	Skype.exe	5	Afternoon
2021-09-13 11:18:58.771480	TextLogger.exe	5	Afternoon
2021-09-13 11:19:02.635166	opera.exe	5	Afternoon
2021-09-13 11:19:23.539260	Skype.exe	5	Afternoon
2021-09-13 11:19:27.155592	opera.exe	5	Afternoon
2021-09-13 11:20:40.636132	Skype.exe	5	Afternoon
2021-09-13 11:20:48.864133	opera.exe	5	Afternoon
2021-09-13 11:20:59.133676	TopTracker.exe	5	Afternoon
2021-09-13 11:20:59.259356	opera.exe	5	Afternoon
2021-09-13 11:21:08.339064	TopTracker.exe	5	Afternoon
2021-09-13 11:21:15.168804	Skype.exe	5	Afternoon
2021-09-13 11:21:20.414778	opera.exe	5	Afternoon
2021-09-13 11:21:21.968624	TopTracker.exe	5	Afternoon
2021-09-13 11:22:22.835887	Skype.exe	5	Afternoon
2021-09-13 11:22:28.772017	opera.exe	5	Afternoon
2021-09-13 11:22:30.796603	TopTracker.exe	5	Afternoon
2021-09-13 11:22:32.855100	Skype.exe	5	Afternoon
2021-09-13 11:22:43.881619	TopTracker.exe	5	Afternoon
2021-09-13 11:22:44.548835	TextLogger.exe	5	Afternoon
2021-09-13 11:22:47.344362	Skype.exe	5	Afternoon
2021-09-13 11:22:57.979937	TopTracker.exe	5	Afternoon
2021-09-13 11:23:00.241880	Skype.exe	5	Afternoon
2021-09-13 11:23:01.532427	TextLogger.exe	5	Afternoon
2021-09-13 11:23:03.253825	Skype.exe	5	Afternoon
2021-09-13 11:23:13.095511	opera.exe	5	Afternoon
2021-09-13 11:23:24.178881	TopTracker.exe	5	Afternoon
2021-09-13 11:23:33.772230	Skype.exe	5	Afternoon
2021-09-13 11:23:35.312113	TopTracker.exe	5	Afternoon
2021-09-13 11:23:37.074402	opera.exe	5	Afternoon
2021-09-13 11:23:39.120929	Skype.exe	5	Afternoon
2021-09-13 11:23:40.550114	opera.exe	5	Afternoon
2021-09-13 11:23:43.472295	Skype.exe	5	Afternoon
2021-09-13 11:23:46.418420	opera.exe	5	Afternoon
2021-09-13 11:23:51.739192	Skype.exe	5	Afternoon
2021-09-13 11:23:52.497174	opera.exe	5	Afternoon
2021-09-13 11:24:06.266353	Skype.exe	5	Afternoon
2021-09-13 11:24:08.104439	opera.exe	5	Afternoon
2021-09-13 11:24:10.031287	TextLogger.exe	5	Afternoon
2021-09-13 11:24:10.938860	TopTracker.exe	5	Afternoon
2021-09-13 11:24:11.600091	TextLogger.exe	5	Afternoon
2021-09-13 11:24:11.943175	explorer.exe	5	Afternoon
2021-09-13 11:24:12.471762	Skype.exe	5	Afternoon
2021-09-13 11:24:13.756327	explorer.exe	5	Afternoon
2021-09-13 11:24:15.265293	opera.exe	5	Afternoon
2021-09-13 11:24:18.944457	TopTracker.exe	5	Afternoon
2021-09-13 11:24:32.381531	Skype.exe	5	Afternoon
2021-09-13 11:24:34.033118	TopTracker.exe	5	Afternoon
2021-09-13 11:24:42.850540	TextLogger.exe	5	Afternoon
2021-09-13 11:25:13.153520	Skype.exe	5	Afternoon
2021-09-13 11:25:14.471998	TextLogger.exe	5	Afternoon
2021-09-13 11:25:19.416775	opera.exe	5	Afternoon
2021-09-13 11:25:25.086616	TopTracker.exe	5	Afternoon
2021-09-13 11:25:26.232553	opera.exe	5	Afternoon
2021-09-13 11:25:35.970517	Skype.exe	5	Afternoon
2021-09-13 11:25:36.833210	opera.exe	5	Afternoon
2021-09-13 11:25:37.464523	TopTracker.exe	5	Afternoon
2021-09-13 11:26:00.008248	Skype.exe	5	Afternoon
2021-09-13 11:26:04.942057	opera.exe	5	Afternoon
2021-09-13 11:26:07.945029	TopTracker.exe	5	Afternoon
2021-09-13 11:26:09.065035	explorer.exe	5	Afternoon
2021-09-13 11:26:18.410050	opera.exe	5	Afternoon
2021-09-13 11:28:29.278156	explorer.exe	5	Afternoon
2021-09-13 11:28:29.914456	TopTracker.exe	5	Afternoon
2021-09-13 11:28:31.213982	opera.exe	5	Afternoon
2021-09-13 11:28:32.091634	TopTracker.exe	5	Afternoon
2021-09-13 11:28:39.744182	opera.exe	5	Afternoon
2021-09-13 11:31:06.444952	TopTracker.exe	5	Afternoon
2021-09-13 11:31:06.558647	opera.exe	5	Afternoon
2021-09-13 11:33:53.683818	Skype.exe	5	Afternoon
2021-09-13 11:33:59.865288	opera.exe	5	Afternoon
2021-09-13 11:34:32.832147	explorer.exe	5	Afternoon
2021-09-13 11:34:33.119380	notepad.exe	5	Afternoon
2021-09-13 11:34:35.891968	opera.exe	5	Afternoon
2021-09-13 11:34:40.039877	notepad.exe	5	Afternoon
2021-09-13 11:34:44.407201	Skype.exe	5	Afternoon
2021-09-13 11:35:11.536132	WINWORD.EXE	5	Afternoon
2021-09-13 11:35:12.105089	Skype.exe	5	Afternoon
2021-09-13 11:35:31.911387	WINWORD.EXE	5	Afternoon
2021-09-13 11:35:59.828670	TopTracker.exe	5	Afternoon
2021-09-13 11:36:00.115932	WINWORD.EXE	5	Afternoon
2021-09-13 11:36:21.905046	Skype.exe	5	Afternoon
2021-09-13 11:36:32.013989	TextLogger.exe	7	Afternoon
2021-09-13 11:36:32.093784	Skype.exe	7	Afternoon
2021-09-13 11:39:49.192843	opera.exe	7	Afternoon
2021-09-13 11:40:09.875206	Skype.exe	7	Afternoon
2021-09-13 11:40:13.120563	TopTracker.exe	7	Afternoon
2021-09-13 11:40:13.691039	explorer.exe	7	Afternoon
2021-09-13 11:40:14.897946	TextLogger.exe	7	Afternoon
2021-09-13 11:40:16.970585	TopTracker.exe	7	Afternoon
2021-09-13 11:40:21.673853	Skype.exe	7	Afternoon
2021-09-13 11:40:26.800969	opera.exe	7	Afternoon
2021-09-13 11:40:28.954212	TopTracker.exe	7	Afternoon
2021-09-13 11:40:29.892709	opera.exe	7	Afternoon
2021-09-13 11:40:49.316771	TopTracker.exe	7	Afternoon
2021-09-13 11:40:50.105662	opera.exe	7	Afternoon
2021-09-13 11:40:59.139509	TopTracker.exe	7	Afternoon
2021-09-13 11:40:59.232261	opera.exe	7	Afternoon
2021-09-13 11:41:00.404126	TopTracker.exe	7	Afternoon
2021-09-13 11:41:01.945007	Skype.exe	7	Afternoon
2021-09-13 11:41:08.174352	opera.exe	7	Afternoon
2021-09-13 11:41:15.837871	Skype.exe	7	Afternoon
2021-09-13 11:41:36.667173	opera.exe	8	Afternoon
2021-09-13 11:41:43.330358	explorer.exe	8	Afternoon
2021-09-13 11:41:43.862936	notepad.exe	8	Afternoon
2021-09-13 11:41:46.655477	opera.exe	8	Afternoon
2021-09-13 11:42:52.798625	notepad.exe	8	Afternoon
2021-09-13 11:42:54.798748	opera.exe	8	Afternoon
2021-09-13 11:42:55.942690	Skype.exe	8	Afternoon
2021-09-13 11:42:57.812700	opera.exe	8	Afternoon
2021-09-13 11:45:16.519840	TopTracker.exe	8	Afternoon
2021-09-13 11:45:19.315364	opera.exe	8	Afternoon
2021-09-13 11:45:20.145146	explorer.exe	8	Afternoon
2021-09-13 11:45:20.658772	TextLogger.exe	8	Afternoon
2021-09-13 11:45:28.434982	opera.exe	8	Afternoon
2021-09-13 11:45:59.934762	TopTracker.exe	8	Afternoon
2021-09-13 11:46:00.059430	opera.exe	8	Afternoon
2021-09-13 11:51:02.099886	TopTracker.exe	7	Afternoon
2021-09-13 11:51:02.219565	opera.exe	7	Afternoon
2021-09-13 11:52:31.330316	Skype.exe	7	Afternoon
2021-09-13 11:52:43.787012	opera.exe	7	Afternoon
2021-09-13 11:53:27.161046	Skype.exe	7	Afternoon
2021-09-13 11:53:29.097868	opera.exe	7	Afternoon
2021-09-13 11:53:34.985127	Skype.exe	7	Afternoon
2021-09-13 11:53:39.535960	opera.exe	7	Afternoon
2021-09-13 11:53:40.502377	TopTracker.exe	7	Afternoon
2021-09-13 11:53:41.550583	opera.exe	7	Afternoon
2021-09-13 11:56:08.114716	TopTracker.exe	7	Afternoon
2021-09-13 11:56:08.230407	opera.exe	7	Afternoon
2021-09-13 11:59:58.831863	Skype.exe	7	Afternoon
2021-09-13 12:00:05.819182	opera.exe	7	Afternoon
2021-09-13 12:00:18.404533	TopTracker.exe	7	Afternoon
2021-09-13 12:00:20.977653	TextLogger.exe	7	Afternoon
2021-09-13 12:00:21.722663	TopTracker.exe	7	Afternoon
2021-09-13 12:00:23.673446	opera.exe	7	Afternoon
2021-09-13 12:00:24.689729	Skype.exe	7	Afternoon
2021-09-13 12:00:31.906433	TopTracker.exe	7	Afternoon
2021-09-13 12:00:54.139991	Skype.exe	7	Afternoon
2021-09-13 12:00:58.902258	TopTracker.exe	7	Afternoon
2021-09-13 12:00:59.048865	Skype.exe	7	Afternoon
2021-09-13 12:01:00.055175	TopTracker.exe	7	Afternoon
2021-09-13 12:01:31.965864	opera.exe	7	Afternoon
2021-09-13 12:05:08.023206	Skype.exe	7	Afternoon
2021-09-13 12:05:14.632539	opera.exe	7	Afternoon
2021-09-13 12:05:18.837294	WINWORD.EXE	7	Afternoon
2021-09-13 12:06:13.701607	opera.exe	7	Afternoon
2021-09-13 12:06:26.042612	TopTracker.exe	7	Afternoon
2021-09-13 12:06:26.191215	opera.exe	7	Afternoon
2021-09-13 12:08:18.806123	TextLogger.exe	7	Afternoon
2021-09-13 12:08:19.231985	TopTracker.exe	7	Afternoon
2021-09-13 12:08:20.656177	TextLogger.exe	7	Afternoon
2021-09-13 12:08:21.680439	opera.exe	7	Afternoon
2021-09-13 12:11:26.146245	TopTracker.exe	7	Afternoon
2021-09-13 12:11:26.294848	opera.exe	7	Afternoon
2021-09-13 12:14:06.981232	Skype.exe	7	Afternoon
2021-09-13 12:14:17.077239	opera.exe	7	Afternoon
2021-09-13 12:14:51.605923	TopTracker.exe	7	Afternoon
2021-09-13 12:15:12.277661	Skype.exe	7	Afternoon
2021-09-13 12:15:13.174256	TopTracker.exe	7	Afternoon
2021-09-13 12:15:15.583814	opera.exe	7	Afternoon
2021-09-13 12:15:31.475327	TextLogger.exe	7	Afternoon
2021-09-13 12:15:38.253206	opera.exe	7	Afternoon
2021-09-13 12:16:27.018825	TopTracker.exe	6	Afternoon
2021-09-13 12:16:27.138504	opera.exe	6	Afternoon
2021-09-13 12:17:19.704960	Skype.exe	6	Afternoon
2021-09-13 12:17:25.099538	opera.exe	6	Afternoon
2021-09-13 12:18:03.954652	TopTracker.exe	6	Afternoon
2021-09-13 12:18:05.247198	opera.exe	6	Afternoon
2021-09-13 12:18:09.261464	Skype.exe	6	Afternoon
2021-09-13 12:18:54.398784	TopTracker.exe	6	Afternoon
2021-09-13 12:18:56.569978	TextLogger.exe	6	Afternoon
2021-09-13 12:19:10.003065	TopTracker.exe	6	Afternoon
2021-09-13 12:19:11.067218	Skype.exe	6	Afternoon
2021-09-13 12:19:15.562200	opera.exe	6	Afternoon
2021-09-13 12:19:56.364118	Skype.exe	6	Afternoon
2021-09-13 12:20:05.253344	opera.exe	6	Afternoon
2021-09-13 12:21:25.959567	TopTracker.exe	7	Afternoon
2021-09-13 12:21:26.622795	opera.exe	7	Afternoon
2021-09-13 12:24:50.714128	TopTracker.exe	7	Afternoon
2021-09-13 12:24:51.345442	Skype.exe	7	Afternoon
2021-09-13 12:24:56.349063	TopTracker.exe	7	Afternoon
2021-09-13 12:24:57.462088	opera.exe	7	Afternoon
2021-09-13 12:26:26.347440	TopTracker.exe	7	Afternoon
2021-09-13 12:26:26.500033	opera.exe	7	Afternoon
2021-09-13 12:31:26.271555	TopTracker.exe	7	Afternoon
2021-09-13 12:31:26.900872	opera.exe	7	Afternoon
2021-09-13 12:31:28.899529	TopTracker.exe	7	Afternoon
2021-09-13 12:31:29.625588	opera.exe	7	Afternoon
2021-09-13 12:36:26.639558	TopTracker.exe	7	Afternoon
2021-09-13 12:36:26.787163	opera.exe	7	Afternoon
2021-09-13 12:38:11.807380	Skype.exe	7	Afternoon
2021-09-13 12:38:35.490059	opera.exe	7	Afternoon
2021-09-13 12:41:26.630496	TopTracker.exe	7	Afternoon
2021-09-13 12:41:26.773113	opera.exe	7	Afternoon
2021-09-13 12:42:38.740697	Skype.exe	7	Afternoon
2021-09-13 12:42:45.439787	opera.exe	7	Afternoon
2021-09-13 12:45:42.389703	TextLogger.exe	7	Afternoon
2021-09-13 12:45:49.345093	opera.exe	7	Afternoon
2021-09-13 12:46:34.537266	TopTracker.exe	7	Afternoon
2021-09-13 12:46:34.652957	opera.exe	7	Afternoon
2021-09-13 12:51:28.470397	TopTracker.exe	7	Afternoon
2021-09-13 12:51:28.615010	opera.exe	7	Afternoon
2021-09-13 12:56:30.071029	TopTracker.exe	7	Afternoon
2021-09-13 12:56:30.210655	opera.exe	7	Afternoon
2021-09-13 12:57:15.422775	TopTracker.exe	7	Afternoon
2021-09-13 12:57:17.207005	opera.exe	7	Afternoon
2021-09-13 12:57:20.529124	TopTracker.exe	7	Afternoon
2021-09-13 12:57:28.999475	opera.exe	7	Afternoon
2021-09-13 13:01:27.687313	TopTracker.exe	7	Afternoon
2021-09-13 13:01:27.800011	opera.exe	7	Afternoon
2021-09-13 13:06:30.428893	TopTracker.exe	7	Afternoon
2021-09-13 13:06:31.012334	opera.exe	7	Afternoon
2021-09-13 13:07:54.007436	Skype.exe	7	Afternoon
2021-09-13 13:08:00.525010	TopTracker.exe	7	Afternoon
2021-09-13 13:08:03.386365	opera.exe	7	Afternoon
2021-09-13 13:11:09.995445	Skype.exe	7	Afternoon
2021-09-13 13:11:15.298259	opera.exe	7	Afternoon
2021-09-13 13:11:28.518911	TopTracker.exe	7	Afternoon
2021-09-13 13:11:28.689456	opera.exe	7	Afternoon
2021-09-13 13:15:55.593851	TextLogger.exe	7	Afternoon
2021-09-13 13:16:26.200022	opera.exe	8	Afternoon
2021-09-13 13:16:27.582326	TopTracker.exe	8	Afternoon
2021-09-13 13:16:27.682074	opera.exe	8	Afternoon
2021-09-13 13:20:21.234627	notepad.exe	8	Afternoon
2021-09-13 13:20:22.687742	opera.exe	8	Afternoon
2021-09-13 13:21:26.939955	TopTracker.exe	7	Afternoon
2021-09-13 13:21:27.028718	opera.exe	7	Afternoon
2021-09-13 13:22:29.036931	Skype.exe	7	Afternoon
2021-09-13 13:22:37.344720	opera.exe	7	Afternoon
2021-09-13 13:25:15.342393	Skype.exe	7	Afternoon
2021-09-13 13:25:27.395218	opera.exe	7	Afternoon
2021-09-13 13:26:24.790813	Skype.exe	7	Afternoon
2021-09-13 13:26:31.230259	opera.exe	7	Afternoon
2021-09-13 13:26:32.489689	TopTracker.exe	7	Afternoon
2021-09-13 13:26:32.606402	opera.exe	7	Afternoon
2021-09-13 13:27:52.228184	TopTracker.exe	7	Afternoon
2021-09-13 13:27:53.626959	opera.exe	7	Afternoon
2021-09-13 13:28:27.086403	Skype.exe	7	Afternoon
2021-09-13 13:28:31.169638	opera.exe	7	Afternoon
2021-09-13 13:29:15.463486	Skype.exe	7	Afternoon
2021-09-13 13:29:18.840486	opera.exe	7	Afternoon
2021-09-13 13:29:57.593318	TopTracker.exe	7	Afternoon
2021-09-13 13:29:58.730899	opera.exe	7	Afternoon
2021-09-13 13:31:39.007574	TopTracker.exe	7	Afternoon
2021-09-13 13:31:39.154345	opera.exe	7	Afternoon
2021-09-13 13:34:57.959672	Skype.exe	7	Afternoon
2021-09-13 13:36:27.655060	TopTracker.exe	7	Afternoon
2021-09-13 13:36:27.771748	Skype.exe	7	Afternoon
2021-09-13 13:36:31.470805	opera.exe	7	Afternoon
2021-09-13 13:41:25.307882	Skype.exe	7	Afternoon
2021-09-13 13:41:29.156016	TopTracker.exe	7	Afternoon
2021-09-13 13:41:29.597837	Skype.exe	7	Afternoon
2021-09-13 13:41:30.467015	opera.exe	7	Afternoon
2021-09-13 13:44:05.318760	WINWORD.EXE	7	Afternoon
2021-09-13 13:44:08.361622	opera.exe	7	Afternoon
2021-09-13 13:44:08.644866	notepad.exe	7	Afternoon
2021-09-13 13:44:10.152834	opera.exe	7	Afternoon
2021-09-13 13:46:31.377253	TopTracker.exe	6	Afternoon
2021-09-13 13:46:31.492945	opera.exe	6	Afternoon
2021-09-13 13:46:33.490603	explorer.exe	6	Afternoon
2021-09-13 13:46:34.527828	TextLogger.exe	6	Afternoon
2021-09-13 13:46:44.578956	opera.exe	6	Afternoon
2021-09-13 13:51:28.761158	TopTracker.exe	6	Afternoon
2021-09-13 13:51:28.910764	opera.exe	6	Afternoon
2021-09-13 13:56:29.151026	TopTracker.exe	6	Afternoon
2021-09-13 13:56:29.296638	opera.exe	6	Afternoon
2021-09-13 14:04:04.644206	Skype.exe	6	Afternoon
2021-09-13 14:04:10.133530	opera.exe	6	Afternoon
2021-09-13 14:06:29.554770	TopTracker.exe	6	Afternoon
2021-09-13 14:06:29.716337	opera.exe	6	Afternoon
2021-09-13 14:11:28.018787	TopTracker.exe	6	Afternoon
2021-09-13 14:11:28.176366	opera.exe	6	Afternoon
2021-09-13 14:11:38.073904	Skype.exe	6	Afternoon
2021-09-13 14:11:38.932607	opera.exe	6	Afternoon
2021-09-13 14:16:08.264514	Skype.exe	6	Afternoon
2021-09-13 14:16:12.743540	opera.exe	6	Afternoon
2021-09-13 14:16:14.614536	Skype.exe	6	Afternoon
2021-09-13 14:16:15.204957	opera.exe	6	Afternoon
2021-09-13 14:16:17.435993	Skype.exe	6	Afternoon
2021-09-13 14:16:19.072617	opera.exe	6	Afternoon
2021-09-13 14:16:26.508735	TopTracker.exe	6	Afternoon
2021-09-13 14:16:26.625433	opera.exe	6	Afternoon
2021-09-13 14:16:47.676142	TextLogger.exe	6	Afternoon
2021-09-13 14:17:00.485893	opera.exe	6	Afternoon
2021-09-13 14:17:02.194324	TextLogger.exe	6	Afternoon
2021-09-13 14:17:03.088933	opera.exe	6	Afternoon
2021-09-13 14:21:34.401544	TopTracker.exe	6	Afternoon
2021-09-13 14:21:34.522222	opera.exe	6	Afternoon
2021-09-13 14:25:31.432810	Skype.exe	6	Afternoon
2021-09-13 14:25:32.337392	opera.exe	6	Afternoon
2021-09-13 14:26:40.709590	TopTracker.exe	6	Afternoon
2021-09-13 14:26:40.878139	opera.exe	6	Afternoon
2021-09-13 14:31:28.969889	TopTracker.exe	6	Afternoon
2021-09-13 14:31:29.155393	opera.exe	6	Afternoon
2021-09-13 14:36:55.994546	TopTracker.exe	6	Afternoon
2021-09-13 14:36:56.112231	opera.exe	6	Afternoon
2021-09-13 14:41:30.310128	TopTracker.exe	6	Afternoon
2021-09-13 14:41:30.468703	opera.exe	6	Afternoon
2021-09-13 14:44:03.672094	Skype.exe	6	Afternoon
2021-09-13 14:44:12.249162	opera.exe	6	Afternoon
2021-09-13 14:44:41.209733	Skype.exe	6	Afternoon
2021-09-13 14:44:51.842305	opera.exe	6	Afternoon
2021-09-13 14:45:27.675500	Skype.exe	6	Afternoon
2021-09-13 14:45:37.409475	opera.exe	6	Afternoon
2021-09-13 14:46:27.952343	TopTracker.exe	6	Afternoon
2021-09-13 14:46:28.095964	opera.exe	6	Afternoon
2021-09-13 14:47:03.940474	TextLogger.exe	6	Afternoon
2021-09-13 14:47:09.536513	opera.exe	6	Afternoon
2021-09-13 14:51:28.035383	TopTracker.exe	6	Afternoon
2021-09-13 14:51:28.126140	opera.exe	6	Afternoon
2021-09-13 14:54:16.621156	Skype.exe	6	Afternoon
2021-09-13 14:54:18.602857	opera.exe	6	Afternoon
2021-09-13 14:55:54.523401	Skype.exe	6	Afternoon
2021-09-13 14:56:02.806255	opera.exe	6	Afternoon
2021-09-13 14:56:27.466324	TopTracker.exe	6	Afternoon
2021-09-13 14:56:27.633875	opera.exe	6	Afternoon
2021-09-14 10:37:11.588110	TextLogger.exe	6	Morning
2021-09-14 10:37:31.045042	TextLogger.exe	6	Morning
2021-09-14 10:37:31.435996	TextLogger.exe	6	Morning
2021-09-14 10:37:33.559314	opera.exe	6	Morning
2021-09-14 10:38:21.045239	TopTracker.exe	6	Morning
2021-09-14 10:38:21.182870	opera.exe	6	Morning
2021-09-14 10:43:21.477173	TopTracker.exe	5	Morning
2021-09-14 10:43:21.608821	opera.exe	5	Morning
2021-09-14 10:48:26.796121	TopTracker.exe	5	Morning
2021-09-14 10:48:26.947718	opera.exe	5	Morning
2021-09-14 10:53:22.515862	TopTracker.exe	5	Morning
2021-09-14 10:53:22.682416	opera.exe	5	Morning
2021-09-14 10:55:45.234937	TopTracker.exe	5	Morning
2021-09-14 10:55:46.111590	opera.exe	5	Morning
2021-09-14 10:58:34.310481	TopTracker.exe	5	Morning
2021-09-14 10:58:36.394905	opera.exe	5	Morning
2021-09-14 11:03:29.369883	TopTracker.exe	5	Afternoon
2021-09-14 11:03:29.528460	opera.exe	5	Afternoon
2021-09-14 11:06:46.669023	Skype.exe	5	Afternoon
2021-09-14 11:07:42.950409	TextLogger.exe	5	Afternoon
2021-09-14 11:07:49.996553	Skype.exe	5	Afternoon
2021-09-14 11:07:54.000837	TextLogger.exe	5	Afternoon
2021-09-14 11:07:57.982184	opera.exe	5	Afternoon
2021-09-14 11:08:25.012848	TopTracker.exe	5	Afternoon
2021-09-14 11:08:25.186384	opera.exe	5	Afternoon
2021-09-14 11:11:10.807283	Skype.exe	5	Afternoon
2021-09-14 11:11:13.341500	opera.exe	5	Afternoon
2021-09-14 11:11:18.008013	Skype.exe	5	Afternoon
2021-09-14 11:12:11.030123	opera.exe	5	Afternoon
2021-09-14 11:12:54.426990	Skype.exe	5	Afternoon
2021-09-14 11:13:22.931710	TopTracker.exe	5	Afternoon
2021-09-14 11:13:23.091282	Skype.exe	5	Afternoon
2021-09-14 11:13:32.354494	opera.exe	5	Afternoon
2021-09-14 11:13:50.370281	Skype.exe	5	Afternoon
2021-09-14 11:14:43.336054	opera.exe	5	Afternoon
2021-09-14 11:14:47.240605	Skype.exe	5	Afternoon
2021-09-14 11:14:51.168095	opera.exe	5	Afternoon
2021-09-14 11:15:03.385400	Skype.exe	5	Afternoon
2021-09-14 11:18:23.138849	TopTracker.exe	5	Afternoon
2021-09-14 11:18:23.263513	Skype.exe	5	Afternoon
2021-09-14 11:19:23.657895	explorer.exe	5	Afternoon
2021-09-14 11:19:34.498883	opera.exe	5	Afternoon
2021-09-14 11:19:38.861210	Skype.exe	5	Afternoon
2021-09-14 11:19:39.858540	explorer.exe	5	Afternoon
2021-09-14 11:19:57.205121	SnippingTool.exe	5	Afternoon
2021-09-14 11:19:58.557515	explorer.exe	5	Afternoon
2021-09-14 11:19:58.893602	SnippingTool.exe	5	Afternoon
2021-09-14 11:20:00.308815	Skype.exe	5	Afternoon
2021-09-14 11:20:00.381620	SnippingTool.exe	5	Afternoon
2021-09-14 11:20:06.545126	Skype.exe	5	Afternoon
2021-09-14 11:21:18.670115	opera.exe	5	Afternoon
2021-09-14 11:23:39.290805	TopTracker.exe	6	Afternoon
2021-09-14 11:23:39.444394	opera.exe	6	Afternoon
2021-09-14 11:23:41.216651	Skype.exe	6	Afternoon
2021-09-14 11:23:48.323634	opera.exe	6	Afternoon
2021-09-14 11:28:20.217029	TopTracker.exe	5	Afternoon
2021-09-14 11:28:20.327732	opera.exe	5	Afternoon
2021-09-14 11:28:21.090690	Skype.exe	5	Afternoon
2021-09-14 11:28:53.244646	opera.exe	5	Afternoon
2021-09-14 11:33:21.816930	TopTracker.exe	6	Afternoon
2021-09-14 11:33:21.938604	opera.exe	6	Afternoon
2021-09-14 11:34:40.482415	Skype.exe	6	Afternoon
2021-09-14 11:34:43.371684	opera.exe	6	Afternoon
2021-09-14 11:35:02.408739	explorer.exe	6	Afternoon
2021-09-14 11:35:02.968242	SearchApp.exe	6	Afternoon
2021-09-14 11:35:03.114850	opera.exe	6	Afternoon
2021-09-14 11:38:32.079647	TopTracker.exe	6	Afternoon
2021-09-14 11:38:32.546397	opera.exe	6	Afternoon
2021-09-14 11:38:42.970503	Skype.exe	6	Afternoon
2021-09-14 11:40:12.466007	opera.exe	6	Afternoon
2021-09-14 11:41:02.234822	Skype.exe	6	Afternoon
2021-09-14 11:43:30.390859	TopTracker.exe	7	Afternoon
2021-09-14 11:43:30.543450	Skype.exe	7	Afternoon
2021-09-14 11:44:46.480239	opera.exe	7	Afternoon
2021-09-14 11:44:52.924993	Skype.exe	7	Afternoon
2021-09-14 11:46:23.124613	opera.exe	7	Afternoon
2021-09-14 11:46:49.617716	Skype.exe	7	Afternoon
2021-09-14 11:47:34.841694	opera.exe	7	Afternoon
2021-09-14 11:47:57.701520	explorer.exe	7	Afternoon
2021-09-14 11:47:58.383694	TextLogger.exe	7	Afternoon
2021-09-14 11:48:10.795479	opera.exe	7	Afternoon
2021-09-14 11:48:12.840008	Skype.exe	7	Afternoon
2021-09-14 11:48:14.448703	opera.exe	7	Afternoon
2021-09-14 11:48:20.389804	TopTracker.exe	7	Afternoon
2021-09-14 11:48:20.495521	opera.exe	7	Afternoon
2021-09-14 11:50:09.065980	Skype.exe	7	Afternoon
2021-09-14 11:50:34.278509	opera.exe	7	Afternoon
2021-09-14 11:53:23.195752	TopTracker.exe	6	Afternoon
2021-09-14 11:53:23.302467	opera.exe	6	Afternoon
2021-09-14 11:58:33.375588	TopTracker.exe	6	Afternoon
2021-09-14 11:58:33.487288	opera.exe	6	Afternoon
2021-09-14 12:03:22.760043	TopTracker.exe	6	Afternoon
2021-09-14 12:03:22.899675	opera.exe	6	Afternoon
2021-09-14 12:07:35.057360	Skype.exe	6	Afternoon
2021-09-14 12:07:52.898613	opera.exe	6	Afternoon
2021-09-14 12:08:20.624417	TopTracker.exe	6	Afternoon
2021-09-14 12:08:20.724150	opera.exe	6	Afternoon
2021-09-14 12:08:21.612771	Skype.exe	6	Afternoon
2021-09-14 12:08:27.211789	opera.exe	6	Afternoon
2021-09-14 12:09:47.651527	Skype.exe	6	Afternoon
2021-09-14 12:09:53.186715	opera.exe	6	Afternoon
2021-09-14 12:10:17.940473	Skype.exe	6	Afternoon
2021-09-14 12:10:18.697449	opera.exe	6	Afternoon
2021-09-14 12:11:29.682486	Skype.exe	6	Afternoon
2021-09-14 12:11:37.311078	opera.exe	6	Afternoon
2021-09-14 12:13:20.871936	TopTracker.exe	6	Afternoon
2021-09-14 12:13:21.034502	opera.exe	6	Afternoon
2021-09-14 12:13:32.598554	Skype.exe	6	Afternoon
2021-09-14 12:13:40.329875	opera.exe	6	Afternoon
2021-09-14 12:14:06.295380	Skype.exe	6	Afternoon
2021-09-14 12:14:10.196942	opera.exe	6	Afternoon
2021-09-14 12:18:19.192613	TextLogger.exe	6	Afternoon
2021-09-14 12:18:24.455532	TopTracker.exe	6	Afternoon
2021-09-14 12:18:24.557255	TextLogger.exe	6	Afternoon
2021-09-14 12:18:26.178916	opera.exe	6	Afternoon
2021-09-14 12:19:44.080446	explorer.exe	6	Afternoon
2021-09-14 12:19:44.431507	notepad.exe	6	Afternoon
2021-09-14 12:19:46.935806	opera.exe	6	Afternoon
2021-09-14 12:20:40.900392	notepad.exe	6	Afternoon
2021-09-14 12:20:43.249108	opera.exe	6	Afternoon
2021-09-14 12:21:25.248713	Skype.exe	6	Afternoon
2021-09-14 12:21:33.271245	opera.exe	6	Afternoon
2021-09-14 12:23:26.877230	TopTracker.exe	7	Afternoon
2021-09-14 12:23:26.965991	opera.exe	7	Afternoon
2021-09-14 12:28:22.646731	TopTracker.exe	7	Afternoon
2021-09-14 12:28:22.768405	opera.exe	7	Afternoon
2021-09-14 12:32:44.629804	notepad.exe	7	Afternoon
2021-09-14 12:32:47.278714	TextLogger.exe	7	Afternoon
2021-09-14 12:32:49.188604	explorer.exe	7	Afternoon
2021-09-14 12:32:49.324147	TextLogger.exe	7	Afternoon
2021-09-14 12:32:51.009637	explorer.exe	7	Afternoon
2021-09-14 12:32:57.167159	explorer.exe	7	Afternoon
2021-09-14 12:33:22.226099	Code.exe	7	Afternoon
2021-09-14 12:33:23.724091	TopTracker.exe	7	Afternoon
2021-09-14 12:33:23.858731	Code.exe	7	Afternoon
2021-09-14 12:34:57.915042	chrome.exe	7	Afternoon
2021-09-14 12:36:05.519128	Code.exe	7	Afternoon
2021-09-14 12:37:43.591669	Skype.exe	7	Afternoon
2021-09-14 12:37:46.282470	Code.exe	7	Afternoon
2021-09-14 12:38:26.064010	TopTracker.exe	7	Afternoon
2021-09-14 12:38:26.171724	Code.exe	7	Afternoon
2021-09-14 12:38:27.437336	Skype.exe	7	Afternoon
2021-09-14 12:38:31.935298	Code.exe	7	Afternoon
2021-09-14 12:38:33.297653	opera.exe	7	Afternoon
2021-09-14 12:43:25.337137	TopTracker.exe	7	Afternoon
2021-09-14 12:43:25.446844	opera.exe	7	Afternoon
2021-09-14 12:43:48.108200	Skype.exe	7	Afternoon
2021-09-14 12:43:53.242460	opera.exe	7	Afternoon
2021-09-14 12:44:55.953738	opera.exe	7	Afternoon
2021-09-14 12:45:00.505559	opera.exe	7	Afternoon
2021-09-14 12:45:02.492242	Skype.exe	7	Afternoon
2021-09-14 12:45:03.809715	opera.exe	7	Afternoon
2021-09-14 12:45:04.496876	explorer.exe	7	Afternoon
2021-09-14 12:45:16.605473	explorer.exe	7	Afternoon
2021-09-14 12:45:17.226812	opera.exe	7	Afternoon
2021-09-14 12:45:20.010361	explorer.exe	7	Afternoon
2021-09-14 12:45:22.061876	opera.exe	7	Afternoon
2021-09-14 12:45:28.121655	explorer.exe	7	Afternoon
2021-09-14 12:45:29.886931	opera.exe	7	Afternoon
2021-09-14 12:45:50.945577	Skype.exe	7	Afternoon
2021-09-14 12:45:51.756407	opera.exe	7	Afternoon
2021-09-14 12:46:02.242346	Skype.exe	7	Afternoon
2021-09-14 12:46:06.693435	opera.exe	7	Afternoon
2021-09-14 12:47:14.388280	TopTracker.exe	7	Afternoon
2021-09-14 12:47:16.165523	opera.exe	7	Afternoon
2021-09-14 12:47:16.692114	TextLogger.exe	7	Afternoon
2021-09-14 12:47:17.446096	TopTracker.exe	7	Afternoon
2021-09-14 12:47:19.007917	TextLogger.exe	8	Afternoon
2021-09-14 12:47:20.010234	opera.exe	8	Afternoon
2021-09-14 12:47:29.388138	TopTracker.exe	8	Afternoon
2021-09-14 12:47:31.110529	opera.exe	8	Afternoon
2021-09-14 12:48:22.870018	TopTracker.exe	8	Afternoon
2021-09-14 12:48:23.044551	opera.exe	8	Afternoon
2021-09-14 12:51:02.052037	TextLogger.exe	8	Afternoon
2021-09-14 12:51:12.899009	opera.exe	8	Afternoon
2021-09-14 12:53:24.430787	TopTracker.exe	8	Afternoon
2021-09-14 12:53:24.538499	opera.exe	8	Afternoon
2021-09-14 12:58:22.557886	TopTracker.exe	8	Afternoon
2021-09-14 12:58:22.697511	opera.exe	8	Afternoon
2021-09-14 13:01:32.191640	notepad.exe	8	Afternoon
2021-09-14 13:01:50.962409	opera.exe	8	Afternoon
2021-09-14 13:02:50.253741	Code.exe	8	Afternoon
2021-09-14 13:02:56.829148	explorer.exe	8	Afternoon
2021-09-14 13:02:58.003004	opera.exe	8	Afternoon
2021-09-14 13:03:05.995616	Code.exe	8	Afternoon
2021-09-14 13:03:22.166342	TopTracker.exe	8	Afternoon
2021-09-14 13:03:22.669994	Code.exe	8	Afternoon
2021-09-14 13:03:25.941238	brave.exe	8	Afternoon
2021-09-14 13:03:32.775135	explorer.exe	8	Afternoon
2021-09-14 13:03:41.028066	Code.exe	8	Afternoon
2021-09-14 13:03:42.000448	opera.exe	8	Afternoon
2021-09-14 13:03:42.481160	Code.exe	8	Afternoon
2021-09-14 13:03:44.950565	opera.exe	8	Afternoon
2021-09-14 13:03:49.443528	Code.exe	8	Afternoon
2021-09-14 13:03:56.768941	opera.exe	8	Afternoon
2021-09-14 13:03:57.265596	Code.exe	8	Afternoon
2021-09-14 13:03:58.054486	opera.exe	8	Afternoon
2021-09-14 13:04:40.934737	notepad.exe	8	Afternoon
2021-09-14 13:04:41.609929	opera.exe	8	Afternoon
2021-09-14 13:04:56.075218	Code.exe	8	Afternoon
2021-09-14 13:05:08.880979	opera.exe	8	Afternoon
2021-09-14 13:05:12.193086	Code.exe	8	Afternoon
2021-09-14 13:05:39.058193	opera.exe	8	Afternoon
2021-09-14 13:06:27.014858	Code.exe	8	Afternoon
2021-09-14 13:08:10.310433	opera.exe	8	Afternoon
2021-09-14 13:08:24.948261	TopTracker.exe	8	Afternoon
2021-09-14 13:08:25.043007	opera.exe	8	Afternoon
2021-09-14 13:10:45.480189	Code.exe	8	Afternoon
2021-09-14 13:10:53.734101	opera.exe	8	Afternoon
2021-09-14 13:10:55.805557	Code.exe	8	Afternoon
2021-09-14 13:11:05.493631	opera.exe	8	Afternoon
2021-09-14 13:11:12.396160	Code.exe	8	Afternoon
2021-09-14 13:11:24.090011	opera.exe	8	Afternoon
2021-09-14 13:11:53.449443	Code.exe	8	Afternoon
2021-09-14 13:12:01.223638	opera.exe	8	Afternoon
2021-09-14 13:12:25.402932	Code.exe	8	Afternoon
2021-09-14 13:12:28.208427	opera.exe	8	Afternoon
2021-09-14 13:12:59.625352	notepad.exe	8	Afternoon
2021-09-14 13:13:10.816404	Code.exe	8	Afternoon
2021-09-14 13:13:21.805995	TopTracker.exe	8	Afternoon
2021-09-14 13:13:21.930662	Code.exe	8	Afternoon
2021-09-14 13:13:29.448544	opera.exe	8	Afternoon
2021-09-14 13:13:56.480218	Code.exe	8	Afternoon
2021-09-14 13:14:13.329115	TextLogger.exe	8	Afternoon
2021-09-14 13:14:14.344400	Code.exe	8	Afternoon
2021-09-14 13:14:16.545508	opera.exe	8	Afternoon
2021-09-14 13:18:23.849011	TopTracker.exe	8	Afternoon
2021-09-14 13:18:23.956718	opera.exe	8	Afternoon
2021-09-14 13:21:18.288437	TextLogger.exe	8	Afternoon
2021-09-14 13:21:22.776427	opera.exe	8	Afternoon
2021-09-14 13:23:49.648926	TopTracker.exe	8	Afternoon
2021-09-14 13:23:49.806502	opera.exe	8	Afternoon
2021-09-14 13:25:43.733623	Code.exe	8	Afternoon
2021-09-14 13:25:45.958670	opera.exe	8	Afternoon
2021-09-14 13:26:13.151899	Code.exe	8	Afternoon
2021-09-14 13:26:14.302820	opera.exe	8	Afternoon
2021-09-14 13:26:53.147868	Code.exe	8	Afternoon
2021-09-14 13:26:55.091665	opera.exe	8	Afternoon
2021-09-14 13:27:06.399406	Code.exe	8	Afternoon
2021-09-14 13:27:41.007796	opera.exe	8	Afternoon
2021-09-14 13:28:21.348940	TopTracker.exe	8	Afternoon
2021-09-14 13:28:21.508512	opera.exe	8	Afternoon
2021-09-14 13:33:22.175908	TopTracker.exe	8	Afternoon
2021-09-14 13:33:22.356425	opera.exe	8	Afternoon
2021-09-14 13:38:23.131535	TopTracker.exe	8	Afternoon
2021-09-14 13:38:23.292101	opera.exe	8	Afternoon
2021-09-14 13:43:21.186916	TopTracker.exe	8	Afternoon
2021-09-14 13:43:21.313579	opera.exe	8	Afternoon
2021-09-14 13:43:58.625728	Skype.exe	8	Afternoon
2021-09-14 13:44:08.040535	opera.exe	8	Afternoon
2021-09-14 13:44:09.205417	explorer.exe	8	Afternoon
2021-09-14 13:44:10.004279	SnippingTool.exe	8	Afternoon
2021-09-14 13:44:12.549467	opera.exe	8	Afternoon
2021-09-14 13:44:12.855648	SnippingTool.exe	8	Afternoon
2021-09-14 13:44:15.655156	opera.exe	8	Afternoon
2021-09-14 13:44:15.756885	SnippingTool.exe	8	Afternoon
2021-09-14 13:44:16.559736	Skype.exe	8	Afternoon
2021-09-14 13:44:24.163388	brave.exe	8	Afternoon
2021-09-14 13:44:24.989178	explorer.exe	8	Afternoon
2021-09-14 13:44:26.620813	Skype.exe	8	Afternoon
2021-09-14 13:44:52.897494	opera.exe	8	Afternoon
2021-09-14 13:48:22.114615	TopTracker.exe	8	Afternoon
2021-09-14 13:48:22.274188	opera.exe	8	Afternoon
2021-09-14 13:51:27.282119	TextLogger.exe	8	Afternoon
2021-09-14 13:51:33.324925	opera.exe	8	Afternoon
2021-09-14 13:53:21.650041	TopTracker.exe	8	Afternoon
2021-09-14 13:53:21.773718	opera.exe	8	Afternoon
2021-09-14 13:58:28.545768	TopTracker.exe	8	Afternoon
2021-09-14 13:58:28.730279	opera.exe	8	Afternoon
2021-09-14 14:03:24.353054	TopTracker.exe	8	Afternoon
2021-09-14 14:03:24.493683	opera.exe	8	Afternoon
2021-09-14 14:04:27.300602	Code.exe	8	Afternoon
2021-09-14 14:04:35.857704	SnippingTool.exe	8	Afternoon
2021-09-14 14:04:37.495320	opera.exe	8	Afternoon
2021-09-14 14:08:22.757505	TopTracker.exe	8	Afternoon
2021-09-14 14:08:22.875194	opera.exe	8	Afternoon
2021-09-14 14:08:41.478408	SnippingTool.exe	8	Afternoon
2021-09-14 14:08:43.335438	opera.exe	8	Afternoon
2021-09-14 14:10:28.347419	Code.exe	8	Afternoon
2021-09-14 14:10:55.101823	opera.exe	8	Afternoon
2021-09-14 14:11:34.864414	Code.exe	8	Afternoon
2021-09-14 14:13:23.585472	TopTracker.exe	8	Afternoon
2021-09-14 14:13:23.726095	Code.exe	8	Afternoon
2021-09-14 14:14:30.270018	chrome.exe	8	Afternoon
2021-09-14 14:15:46.176887	Code.exe	8	Afternoon
2021-09-14 14:15:56.121275	SnippingTool.exe	8	Afternoon
2021-09-14 14:15:56.601989	opera.exe	8	Afternoon
2021-09-14 14:16:09.933313	Code.exe	8	Afternoon
2021-09-14 14:16:36.903429	chrome.exe	8	Afternoon
2021-09-14 14:17:17.525721	Code.exe	9	Afternoon
2021-09-14 14:18:27.862745	TopTracker.exe	9	Afternoon
2021-09-14 14:18:28.089140	Code.exe	9	Afternoon
2021-09-14 14:18:41.351648	chrome.exe	9	Afternoon
2021-09-14 14:19:24.956957	Code.exe	9	Afternoon
2021-09-14 14:19:35.954530	opera.exe	9	Afternoon
2021-09-14 14:19:40.361733	Code.exe	9	Afternoon
2021-09-14 14:20:26.923189	chrome.exe	9	Afternoon
2021-09-14 14:21:11.235321	Code.exe	9	Afternoon
2021-09-14 14:21:25.612845	chrome.exe	9	Afternoon
2021-09-14 14:21:40.465546	TextLogger.exe	9	Afternoon
2021-09-14 14:21:45.109798	chrome.exe	9	Afternoon
2021-09-14 14:22:13.726743	Code.exe	9	Afternoon
2021-09-14 14:22:36.047013	chrome.exe	8	Afternoon
2021-09-14 14:23:16.625423	Code.exe	8	Afternoon
2021-09-14 14:23:21.781625	TopTracker.exe	8	Afternoon
2021-09-14 14:23:21.886345	Code.exe	8	Afternoon
2021-09-14 14:23:49.387749	Skype.exe	8	Afternoon
2021-09-14 14:24:46.271490	opera.exe	8	Afternoon
2021-09-14 14:29:09.578864	TopTracker.exe	8	Afternoon
2021-09-14 14:29:09.704527	opera.exe	8	Afternoon
2021-09-14 14:29:22.006606	Skype.exe	8	Afternoon
2021-09-14 14:29:46.391351	opera.exe	8	Afternoon
2021-09-14 14:31:34.048695	Skype.exe	8	Afternoon
2021-09-14 14:31:39.583116	opera.exe	8	Afternoon
2021-09-14 14:32:01.763908	Skype.exe	8	Afternoon
2021-09-14 14:32:06.548106	opera.exe	8	Afternoon
2021-09-14 14:32:35.985330	Skype.exe	8	Afternoon
2021-09-14 14:32:36.769232	opera.exe	8	Afternoon
2021-09-14 14:33:22.080975	TopTracker.exe	8	Afternoon
2021-09-14 14:33:22.214619	opera.exe	8	Afternoon
2021-09-14 14:33:35.347473	Skype.exe	8	Afternoon
2021-09-14 14:34:02.435990	opera.exe	8	Afternoon
2021-09-14 14:35:33.591046	Skype.exe	8	Afternoon
2021-09-14 14:35:39.003564	opera.exe	8	Afternoon
2021-09-14 14:38:26.288897	TopTracker.exe	8	Afternoon
2021-09-14 14:38:26.420544	opera.exe	8	Afternoon
2021-09-14 14:42:45.636864	Skype.exe	8	Afternoon
2021-09-14 14:42:47.813044	opera.exe	8	Afternoon
2021-09-14 14:43:46.212760	TopTracker.exe	8	Afternoon
2021-09-14 14:43:46.360366	opera.exe	8	Afternoon
2021-09-14 14:48:38.635219	TopTracker.exe	8	Afternoon
2021-09-14 14:48:38.817733	opera.exe	8	Afternoon
2021-09-14 14:49:12.560433	Code.exe	8	Afternoon
2021-09-14 14:49:50.957679	opera.exe	8	Afternoon
2021-09-14 14:49:51.465321	Code.exe	8	Afternoon
2021-09-14 14:49:56.632493	explorer.exe	8	Afternoon
2021-09-14 14:49:58.516452	opera.exe	8	Afternoon
2021-09-14 14:50:51.164563	explorer.exe	8	Afternoon
2021-09-14 14:50:51.221410	notepad.exe	8	Afternoon
2021-09-14 14:50:59.678777	opera.exe	8	Afternoon
2021-09-14 14:51:24.781602	Code.exe	8	Afternoon
2021-09-14 14:51:44.838933	opera.exe	8	Afternoon
2021-09-14 14:51:49.027717	TextLogger.exe	8	Afternoon
2021-09-14 14:51:52.033681	opera.exe	8	Afternoon
2021-09-14 14:52:06.511928	Code.exe	8	Afternoon
2021-09-14 14:52:16.405452	opera.exe	8	Afternoon
2021-09-14 14:53:25.375884	TopTracker.exe	8	Afternoon
2021-09-14 14:53:25.506534	opera.exe	8	Afternoon
2021-09-14 14:55:20.185644	Code.exe	8	Afternoon
2021-09-14 14:56:10.610706	chrome.exe	8	Afternoon
2021-09-14 14:57:06.389437	Code.exe	8	Afternoon
2021-09-14 14:57:33.598624	Skype.exe	8	Afternoon
2021-09-14 14:57:48.561585	opera.exe	8	Afternoon
2021-09-14 14:57:53.038601	TopTracker.exe	8	Afternoon
2021-09-14 14:57:57.552522	opera.exe	8	Afternoon
2021-09-14 15:27:54.157003	TextLogger.exe	9	Afternoon
2021-09-14 15:30:29.146728	opera.exe	9	Afternoon
2021-09-14 15:30:30.049313	Skype.exe	9	Afternoon
2021-09-14 15:30:44.148650	opera.exe	9	Afternoon
2021-09-14 15:32:21.848934	Skype.exe	8	Afternoon
2021-09-14 15:32:41.751672	TopTracker.exe	8	Afternoon
2021-09-14 15:32:44.541207	opera.exe	8	Afternoon
2021-09-14 15:32:44.891274	TopTracker.exe	8	Afternoon
2021-09-14 15:32:45.723111	opera.exe	8	Afternoon
2021-09-14 15:33:13.466869	TopTracker.exe	8	Afternoon
2021-09-14 15:33:13.547650	opera.exe	8	Afternoon
2021-09-14 15:37:50.669664	TopTracker.exe	7	Afternoon
2021-09-14 15:37:50.806296	opera.exe	7	Afternoon
2021-09-14 15:38:37.838434	TopTracker.exe	7	Afternoon
2021-09-14 15:38:39.016284	opera.exe	7	Afternoon
2021-09-14 15:42:46.653590	TopTracker.exe	8	Afternoon
2021-09-14 15:42:46.744346	opera.exe	8	Afternoon
2021-09-14 15:47:47.273114	TopTracker.exe	8	Afternoon
2021-09-14 15:47:47.378830	opera.exe	8	Afternoon
2021-09-14 15:49:55.262605	Skype.exe	8	Afternoon
2021-09-14 15:49:57.122628	opera.exe	8	Afternoon
2021-09-14 15:52:47.512653	TopTracker.exe	8	Afternoon
2021-09-14 15:52:47.657267	opera.exe	8	Afternoon
2021-09-14 15:54:59.504435	Code.exe	8	Afternoon
2021-09-14 15:55:01.014948	opera.exe	8	Afternoon
2021-09-14 15:55:01.569463	TopTracker.exe	8	Afternoon
2021-09-14 15:55:02.935806	Skype.exe	8	Afternoon
2021-09-14 15:55:05.863971	opera.exe	8	Afternoon
2021-09-14 15:57:40.260846	Skype.exe	8	Afternoon
2021-09-14 15:57:43.021461	opera.exe	8	Afternoon
2021-09-14 15:57:46.422357	TopTracker.exe	8	Afternoon
2021-09-14 15:57:46.564979	opera.exe	8	Afternoon
2021-09-14 16:00:32.505769	TextLogger.exe	8	Evening
2021-09-14 16:00:35.955536	opera.exe	8	Evening
2021-09-14 16:02:42.187956	Code.exe	8	Evening
2021-09-14 16:02:44.672308	SnippingTool.exe	8	Evening
2021-09-14 16:02:45.107144	opera.exe	8	Evening
2021-09-14 16:02:46.218171	TopTracker.exe	8	Evening
2021-09-14 16:02:46.322891	opera.exe	8	Evening
2021-09-14 16:07:45.663835	TopTracker.exe	8	Evening
2021-09-14 16:07:45.815429	opera.exe	8	Evening
2021-09-14 16:11:23.830068	Code.exe	8	Evening
2021-09-14 16:11:24.623943	opera.exe	8	Evening
2021-09-14 16:12:25.736402	Code.exe	8	Evening
2021-09-14 16:12:26.569175	opera.exe	8	Evening
2021-09-14 16:12:48.697956	TopTracker.exe	8	Evening
2021-09-14 16:12:48.806666	opera.exe	8	Evening
2021-09-14 16:15:36.194724	Code.exe	8	Evening
2021-09-14 16:15:37.286802	opera.exe	8	Evening
2021-09-14 16:17:46.835122	TopTracker.exe	8	Evening
2021-09-14 16:17:46.977741	opera.exe	8	Evening
2021-09-14 16:20:31.669161	Skype.exe	8	Evening
2021-09-14 16:20:32.753259	opera.exe	8	Evening
2021-09-14 16:20:34.075720	Code.exe	8	Evening
2021-09-14 16:20:36.827356	opera.exe	8	Evening
2021-09-14 16:20:45.017439	Code.exe	8	Evening
2021-09-14 16:21:02.826793	opera.exe	8	Evening
2021-09-14 16:21:13.137191	Code.exe	8	Evening
2021-09-14 16:21:15.968612	opera.exe	8	Evening
2021-09-14 16:22:45.417242	TopTracker.exe	8	Evening
2021-09-14 16:22:45.531935	opera.exe	8	Evening
2021-09-14 16:23:02.229252	Code.exe	8	Evening
2021-09-14 16:23:04.160085	opera.exe	8	Evening
2021-09-14 16:27:46.151372	TopTracker.exe	8	Evening
2021-09-14 16:27:46.320918	opera.exe	8	Evening
2021-09-14 16:28:36.368986	Skype.exe	8	Evening
2021-09-14 16:28:41.931101	opera.exe	8	Evening
2021-09-14 16:30:40.087859	TextLogger.exe	8	Evening
2021-09-14 16:30:44.554906	opera.exe	8	Evening
2021-09-14 16:31:45.441981	Code.exe	8	Evening
2021-09-14 16:32:14.295768	opera.exe	8	Evening
2021-09-14 16:32:48.468306	TopTracker.exe	8	Evening
2021-09-14 16:32:48.594967	opera.exe	8	Evening
2021-09-14 16:37:23.594743	Code.exe	8	Evening
2021-09-14 16:37:25.709086	explorer.exe	8	Evening
2021-09-14 16:37:29.172816	opera.exe	8	Evening
2021-09-14 16:37:46.667998	TopTracker.exe	8	Evening
2021-09-14 16:37:46.776707	opera.exe	8	Evening
2021-09-14 16:38:56.891076	Skype.exe	8	Evening
2021-09-14 16:39:14.963240	opera.exe	8	Evening
2021-09-14 16:42:55.669373	TopTracker.exe	8	Evening
2021-09-14 16:42:55.828946	opera.exe	8	Evening
2021-09-14 16:47:46.810262	TopTracker.exe	8	Evening
2021-09-14 16:47:46.906006	opera.exe	8	Evening
2021-09-14 16:52:48.207331	TopTracker.exe	8	Evening
2021-09-14 16:52:48.353938	opera.exe	8	Evening
2021-09-14 16:55:02.630036	Skype.exe	8	Evening
2021-09-14 16:55:17.798446	opera.exe	8	Evening
2021-09-14 16:55:19.630542	Code.exe	8	Evening
2021-09-14 16:55:21.606254	opera.exe	8	Evening
2021-09-14 16:56:31.378542	Code.exe	8	Evening
2021-09-14 16:57:49.535387	TopTracker.exe	8	Evening
2021-09-14 16:57:49.684987	Code.exe	8	Evening
2021-09-14 17:00:50.139349	TextLogger.exe	8	Evening
2021-09-14 17:00:53.463409	Code.exe	8	Evening
2021-09-14 17:02:02.375308	Skype.exe	8	Evening
2021-09-14 17:02:20.144904	EXCEL.EXE	8	Evening
2021-09-14 17:02:54.812663	TopTracker.exe	8	Evening
2021-09-14 17:02:54.956278	EXCEL.EXE	8	Evening
2021-09-14 17:03:01.944577	EXCEL.EXE	8	Evening
2021-09-14 17:03:02.980087	dwm.exe	8	Evening
2021-09-14 17:03:04.070171	EXCEL.EXE	8	Evening
2021-09-14 17:03:39.627038	SnippingTool.exe	8	Evening
2021-09-14 17:03:41.003375	explorer.exe	8	Evening
2021-09-14 17:03:41.023300	SnippingTool.exe	8	Evening
2021-09-14 17:03:41.353418	EXCEL.EXE	8	Evening
2021-09-14 17:03:41.672563	SnippingTool.exe	8	Evening
2021-09-14 17:03:42.637980	EXCEL.EXE	8	Evening
2021-09-14 17:03:42.682862	SnippingTool.exe	8	Evening
2021-09-14 17:03:46.537655	Skype.exe	8	Evening
2021-09-14 17:04:01.484156	opera.exe	8	Evening
2021-09-14 17:06:05.049467	Skype.exe	8	Evening
2021-09-14 17:06:14.427372	explorer.exe	8	Evening
2021-09-14 17:06:27.722309	Skype.exe	8	Evening
2021-09-14 17:07:47.905922	TopTracker.exe	9	Evening
2021-09-14 17:07:48.041559	Skype.exe	9	Evening
2021-09-14 17:09:01.001721	opera.exe	9	Evening
2021-09-14 17:09:24.851061	Skype.exe	9	Evening
2021-09-14 17:09:26.355386	opera.exe	9	Evening
2021-09-14 17:09:26.768099	Skype.exe	9	Evening
2021-09-14 17:09:28.596142	opera.exe	9	Evening
2021-09-14 17:09:41.718027	Code.exe	9	Evening
2021-09-14 17:11:04.555349	explorer.exe	9	Evening
2021-09-14 17:11:24.390270	opera.exe	9	Evening
2021-09-14 17:12:48.681700	TopTracker.exe	9	Evening
2021-09-14 17:12:48.809359	opera.exe	9	Evening
2021-09-14 17:16:06.639205	explorer.exe	9	Evening
2021-09-14 17:16:07.214665	Skype.exe	9	Evening
2021-09-14 17:16:10.405796	opera.exe	9	Evening
2021-09-14 17:17:51.969697	TopTracker.exe	9	Evening
2021-09-14 17:17:52.060453	opera.exe	9	Evening
2021-09-14 17:19:40.685764	Skype.exe	9	Evening
2021-09-14 17:19:43.325707	opera.exe	9	Evening
2021-09-14 17:19:44.817708	explorer.exe	9	Evening
2021-09-14 17:19:45.395162	Skype.exe	9	Evening
2021-09-14 17:19:46.885175	opera.exe	9	Evening
2021-09-14 17:22:22.964644	Code.exe	9	Evening
2021-09-14 17:22:26.420397	explorer.exe	9	Evening
2021-09-14 17:22:47.543870	TopTracker.exe	9	Evening
2021-09-14 17:22:47.663549	explorer.exe	9	Evening
2021-09-14 17:23:24.376303	opera.exe	9	Evening
2021-09-14 17:23:30.151848	Code.exe	9	Evening
2021-09-14 17:23:47.874977	opera.exe	9	Evening
2021-09-14 17:27:53.564691	TopTracker.exe	9	Evening
2021-09-14 17:27:54.467276	opera.exe	9	Evening
2021-09-14 17:30:57.264239	TextLogger.exe	9	Evening
2021-09-14 17:31:03.542306	opera.exe	9	Evening
2021-09-14 17:35:15.511244	Code.exe	9	Evening
2021-09-14 17:36:30.945732	opera.exe	9	Evening
2021-09-14 17:37:48.103243	TopTracker.exe	9	Evening
2021-09-14 17:37:48.208965	opera.exe	9	Evening
2021-09-14 17:39:18.031590	Code.exe	9	Evening
2021-09-14 17:39:26.387229	opera.exe	9	Evening
2021-09-14 17:39:39.193958	Code.exe	9	Evening
2021-09-14 17:39:46.222150	opera.exe	9	Evening
2021-09-14 17:40:12.478885	Code.exe	9	Evening
2021-09-14 17:42:46.822363	TopTracker.exe	9	Evening
2021-09-14 17:42:46.924093	Code.exe	9	Evening
2021-09-14 17:43:25.242549	opera.exe	9	Evening
2021-09-14 17:43:27.158421	Code.exe	9	Evening
2021-09-14 17:43:51.037888	opera.exe	9	Evening
2021-09-14 17:44:53.139486	chrome.exe	9	Evening
2021-09-14 17:44:55.418470	opera.exe	9	Evening
2021-09-14 17:45:49.914736	chrome.exe	9	Evening
2021-09-14 17:46:00.995098	explorer.exe	9	Evening
2021-09-14 17:46:03.074520	opera.exe	9	Evening
2021-09-14 17:47:47.662719	TopTracker.exe	9	Evening
2021-09-14 17:47:47.785391	opera.exe	9	Evening
2021-09-14 17:57:54.004747	TopTracker.exe	9	Evening
2021-09-14 17:57:54.124427	opera.exe	9	Evening
2021-09-14 18:01:06.778756	TextLogger.exe	9	Evening
2021-09-14 18:01:10.658374	opera.exe	9	Evening
2021-09-14 18:02:48.067701	TopTracker.exe	9	Evening
2021-09-14 18:02:48.225280	opera.exe	9	Evening
2021-09-14 18:05:09.654783	Code.exe	9	Evening
2021-09-14 18:05:32.438173	chrome.exe	9	Evening
2021-09-14 18:05:48.925714	opera.exe	9	Evening
2021-09-14 18:06:15.682258	SnippingTool.exe	9	Evening
2021-09-14 18:06:16.973809	explorer.exe	9	Evening
2021-09-14 18:06:16.979785	SnippingTool.exe	9	Evening
2021-09-14 18:06:17.051594	opera.exe	9	Evening
2021-09-14 18:06:17.416618	SnippingTool.exe	9	Evening
2021-09-14 18:06:21.999353	opera.exe	9	Evening
2021-09-14 18:06:42.457607	Code.exe	9	Evening
2021-09-14 18:07:09.627895	opera.exe	9	Evening
2021-09-14 18:07:15.925281	chrome.exe	9	Evening
2021-09-14 18:07:39.550337	opera.exe	10	Evening
2021-09-14 18:07:54.198695	TopTracker.exe	10	Evening
2021-09-14 18:07:54.347298	opera.exe	10	Evening
2021-09-14 18:07:59.322982	chrome.exe	10	Evening
2021-09-14 18:08:04.409372	explorer.exe	10	Evening
2021-09-14 18:08:05.998119	opera.exe	10	Evening
2021-09-14 18:08:12.629374	Code.exe	10	Evening
2021-09-14 18:08:33.395257	opera.exe	10	Evening
2021-09-14 18:08:42.464984	chrome.exe	10	Evening
2021-09-14 18:09:46.129709	System Idle Process	10	Evening
2021-09-14 18:09:46.156152	explorer.exe	10	Evening
2021-09-14 18:09:49.918848	Code.exe	10	Evening
2021-09-14 18:10:16.717774	SnippingTool.exe	10	Evening
2021-09-14 18:10:17.190779	opera.exe	10	Evening
2021-09-14 18:10:54.871086	Skype.exe	10	Evening
2021-09-14 18:11:01.810517	opera.exe	10	Evening
2021-09-14 18:11:31.151997	SnippingTool.exe	10	Evening
2021-09-14 18:11:33.004041	explorer.exe	10	Evening
2021-09-14 18:11:33.041939	SnippingTool.exe	10	Evening
2021-09-14 18:11:33.064878	opera.exe	10	Evening
2021-09-14 18:11:33.383027	SnippingTool.exe	10	Evening
2021-09-14 18:11:35.179220	opera.exe	10	Evening
2021-09-14 18:11:35.188197	SnippingTool.exe	10	Evening
2021-09-14 18:11:35.209142	opera.exe	10	Evening
2021-09-14 18:11:35.213129	SnippingTool.exe	10	Evening
2021-09-14 18:11:36.150620	Skype.exe	10	Evening
2021-09-14 18:12:09.639012	SnippingTool.exe	10	Evening
2021-09-14 18:12:11.180877	opera.exe	10	Evening
2021-09-14 18:12:51.411218	TopTracker.exe	9	Evening
2021-09-14 18:12:52.273910	opera.exe	9	Evening
2021-09-14 18:13:55.914603	Skype.exe	9	Evening
2021-09-14 18:13:59.644629	opera.exe	9	Evening
2021-09-14 18:14:15.218944	TopTracker.exe	9	Evening
2021-09-14 18:14:16.122525	opera.exe	9	Evening
2021-09-14 18:14:25.725825	explorer.exe	9	Evening
2021-09-14 18:14:26.183601	Code.exe	9	Evening
2021-09-14 18:15:24.827666	SnippingTool.exe	9	Evening
2021-09-14 18:15:25.699333	Code.exe	9	Evening
2021-09-14 18:16:28.844570	opera.exe	9	Evening
2021-09-14 18:21:41.935698	Code.exe	9	Evening
2021-09-14 18:21:55.486746	explorer.exe	9	Evening
2021-09-14 18:21:55.910418	opera.exe	9	Evening
2021-09-14 18:22:27.896181	Skype.exe	9	Evening
2021-09-14 18:22:30.379535	opera.exe	9	Evening
2021-09-14 18:22:48.067201	TopTracker.exe	9	Evening
2021-09-14 18:22:48.209821	opera.exe	9	Evening
2021-09-14 18:26:37.716167	Skype.exe	9	Evening
2021-09-14 18:27:10.528903	opera.exe	9	Evening
2021-09-14 18:27:28.804994	SnippingTool.exe	9	Evening
2021-09-14 18:27:30.918339	opera.exe	9	Evening
2021-09-14 18:27:31.224519	SnippingTool.exe	9	Evening
2021-09-14 18:27:32.728497	opera.exe	9	Evening
2021-09-14 18:27:35.310585	SnippingTool.exe	9	Evening
2021-09-14 18:27:39.301904	explorer.exe	9	Evening
2021-09-14 18:27:40.702157	opera.exe	9	Evening
2021-09-14 18:27:41.360396	SnippingTool.exe	9	Evening
2021-09-14 18:27:42.854397	opera.exe	9	Evening
2021-09-14 18:27:43.001005	SnippingTool.exe	9	Evening
2021-09-14 18:27:45.336755	Skype.exe	9	Evening
2021-09-14 18:27:51.395541	TopTracker.exe	9	Evening
2021-09-14 18:27:51.536164	Skype.exe	9	Evening
2021-09-14 18:28:12.739424	SnippingTool.exe	9	Evening
2021-09-14 18:28:13.433566	opera.exe	9	Evening
2021-09-14 18:29:05.984422	Skype.exe	9	Evening
2021-09-14 18:29:07.196181	opera.exe	9	Evening
2021-09-14 18:30:17.083159	Skype.exe	9	Evening
2021-09-14 18:30:21.038573	opera.exe	9	Evening
2021-09-14 18:30:34.986249	Zoom.exe	9	Evening
2021-09-14 18:30:35.020158	Zoom.exe	9	Evening
2021-09-14 18:30:35.117897	opera.exe	9	Evening
2021-09-14 18:30:51.735427	Zoom.exe	9	Evening
2021-09-14 18:30:51.760360	opera.exe	9	Evening
2021-09-14 18:31:10.962973	Code.exe	9	Evening
2021-09-14 18:31:25.357453	TextLogger.exe	9	Evening
2021-09-14 18:31:28.803230	Zoom.exe	9	Evening
2021-09-14 18:31:29.675896	TextLogger.exe	9	Evening
2021-09-14 18:31:29.822504	Code.exe	9	Evening
2021-09-14 18:31:31.426212	opera.exe	9	Evening
2021-09-14 18:31:46.671417	Zoom.exe	9	Evening
2021-09-14 18:31:46.708315	opera.exe	9	Evening
2021-09-14 18:31:47.938026	Zoom.exe	9	Evening
2021-09-14 18:31:58.349166	opera.exe	9	Evening
2021-09-14 18:31:59.643700	Zoom.exe	9	Evening
2021-09-14 18:31:59.670628	opera.exe	9	Evening
2021-09-14 18:32:00.130398	Zoom.exe	9	Evening
2021-09-14 18:32:05.578817	Zoom.exe	9	Evening
2021-09-14 18:32:26.880811	Zoom.exe	11	Evening
2021-09-14 18:32:27.750484	opera.exe	11	Evening
2021-09-14 18:32:36.548940	Zoom.exe	11	Evening
2021-09-14 18:32:44.182062	opera.exe	11	Evening
2021-09-14 18:32:44.434455	Zoom.exe	11	Evening
2021-09-14 18:32:48.225902	TopTracker.exe	11	Evening
2021-09-14 18:32:48.355554	Zoom.exe	11	Evening
2021-09-14 18:32:59.245349	opera.exe	11	Evening
2021-09-14 18:34:01.877281	Code.exe	11	Evening
2021-09-14 18:34:02.771330	opera.exe	11	Evening
2021-09-14 18:36:45.246900	explorer.exe	11	Evening
2021-09-14 18:36:45.999927	Zoom.exe	11	Evening
2021-09-14 18:36:48.893930	opera.exe	11	Evening
2021-09-14 18:36:49.178903	Zoom.exe	11	Evening
2021-09-14 18:36:51.148872	opera.exe	11	Evening
2021-09-14 18:36:51.412856	Zoom.exe	11	Evening
2021-09-14 18:36:53.214881	opera.exe	11	Evening
2021-09-14 18:37:52.025483	TopTracker.exe	9	Evening
2021-09-14 18:37:52.127211	opera.exe	9	Evening
2021-09-14 18:40:34.086330	Zoom.exe	9	Evening
2021-09-14 18:40:34.232938	opera.exe	9	Evening
2021-09-14 18:40:34.286794	Zoom.exe	9	Evening
2021-09-14 18:41:04.631657	opera.exe	9	Evening
2021-09-14 18:42:04.842164	Zoom.exe	9	Evening
2021-09-14 18:42:05.905171	opera.exe	9	Evening
2021-09-14 18:42:06.068183	Zoom.exe	9	Evening
2021-09-14 18:42:09.074753	opera.exe	9	Evening
2021-09-14 18:42:47.999588	TopTracker.exe	9	Evening
2021-09-14 18:42:48.088350	opera.exe	9	Evening
2021-09-14 18:48:01.321121	TopTracker.exe	10	Evening
2021-09-14 18:48:01.456756	opera.exe	10	Evening
2021-09-14 18:48:38.328087	Skype.exe	10	Evening
2021-09-14 18:49:29.910051	opera.exe	10	Evening
2021-09-14 18:52:56.827326	TopTracker.exe	10	Evening
2021-09-14 18:52:57.310034	opera.exe	10	Evening
2021-09-14 18:56:46.372975	Skype.exe	10	Evening
2021-09-14 18:57:34.195000	explorer.exe	10	Evening
2021-09-14 18:57:35.385813	SoftwareUpdate.exe	10	Evening
2021-09-14 18:57:36.929682	opera.exe	10	Evening
2021-09-14 18:57:40.438293	TopTracker.exe	10	Evening
2021-09-14 18:57:45.390068	opera.exe	10	Evening
2021-09-14 18:57:46.752422	explorer.exe	10	Evening
2021-09-14 18:57:49.003398	Skype.exe	10	Evening
2021-09-14 18:57:51.061890	opera.exe	10	Evening
2021-09-14 18:57:51.543600	explorer.exe	10	Evening
2021-09-14 18:57:53.295912	TopTracker.exe	10	Evening
2021-09-14 18:57:56.702795	opera.exe	10	Evening
2021-09-14 18:58:07.640524	Code.exe	10	Evening
2021-09-14 18:58:12.816672	TextLogger.exe	10	Evening
2021-09-14 18:58:21.062002	dwm.exe	10	Evening
2021-09-14 18:58:23.968607	opera.exe	10	Evening
